CustomerID,FeatureName,Clicks_30D,DurationMinutes_30D,ActiveDays_30D
CUST-1000,Dashboard,45,36.2,25
CUST-1000,Report_Builder,32,36.0,24
CUST-1000,Data_Export,9,12.7,24
CUST-1000,AI_Ask_Analyst,35,39.0,26
CUST-1000,Integrations_Settings,11,13.7,26
CUST-1001,Dashboard,49,40.6,23
CUST-1001,Report_Builder,25,26.7,22
CUST-1001,Data_Export,12,13.8,22
CUST-1001,AI_Ask_Analyst,37,52.2,23
CUST-1001,Integrations_Settings,13,14.6,23
CUST-1002,Dashboard,54,69.4,24
CUST-1002,Report_Builder,24,28.3,24
CUST-1002,Data_Export,15,13.5,26
CUST-1002,AI_Ask_Analyst,29,30.9,25
CUST-1002,Integrations_Settings,9,11.5,23
CUST-1003,Dashboard,78,115.8,27
CUST-1003,Report_Builder,41,33.9,26
CUST-1003,Data_Export,16,17.2,26
CUST-1003,AI_Ask_Analyst,39,39.1,25
CUST-1003,Integrations_Settings,14,14.9,27
CUST-1004,Dashboard,52,71.7,19
CUST-1004,Report_Builder,14,12.7,19
CUST-1004,Data_Export,9,8.8,21
CUST-1004,AI_Ask_Analyst,21,26.8,19
CUST-1004,Integrations_Settings,12,14.8,19
CUST-1005,Dashboard,65,90.8,28
CUST-1005,Report_Builder,30,44.2,28
CUST-1005,Data_Export,12,13.5,29
CUST-1005,AI_Ask_Analyst,29,25.7,28
CUST-1005,Integrations_Settings,13,10.7,29
CUST-1006,Dashboard,23,34.2,15
CUST-1006,Report_Builder,18,18.2,15
CUST-1006,Data_Export,6,8.4,13
CUST-1006,AI_Ask_Analyst,18,22.0,14
CUST-1006,Integrations_Settings,6,8.6,14
CUST-1007,Dashboard,23,18.9,13
CUST-1007,Report_Builder,15,19.3,12
CUST-1007,Data_Export,8,12.0,14
CUST-1007,AI_Ask_Analyst,13,17.1,11
CUST-1007,Integrations_Settings,2,2.9,14
CUST-1008,Dashboard,35,48.7,15
CUST-1008,Report_Builder,10,13.1,15
CUST-1008,Data_Export,4,5.5,14
CUST-1008,AI_Ask_Analyst,23,20.0,15
CUST-1008,Integrations_Settings,5,4.3,14
CUST-1009,Dashboard,46,64.6,21
CUST-1009,Report_Builder,20,20.5,19
CUST-1009,Data_Export,5,6.7,21
CUST-1009,AI_Ask_Analyst,34,37.9,20
CUST-1009,Integrations_Settings,9,13.0,22
CUST-1010,Dashboard,40,40.0,21
CUST-1010,Report_Builder,27,26.7,20
CUST-1010,Data_Export,1,1.2,21
CUST-1010,AI_Ask_Analyst,31,44.2,23
CUST-1010,Integrations_Settings,4,3.5,20
CUST-1011,Dashboard,45,63.3,28
CUST-1011,Report_Builder,26,27.7,28
CUST-1011,Data_Export,12,10.0,25
CUST-1011,AI_Ask_Analyst,32,41.4,26
CUST-1011,Integrations_Settings,6,8.5,25
CUST-1012,Dashboard,66,66.6,23
CUST-1012,Report_Builder,25,37.5,23
CUST-1012,Data_Export,8,10.7,24
CUST-1012,AI_Ask_Analyst,32,41.7,23
CUST-1012,Integrations_Settings,12,15.6,24
CUST-1013,Dashboard,29,24.1,12
CUST-1013,Report_Builder,6,7.0,15
CUST-1013,Data_Export,7,9.2,13
CUST-1013,AI_Ask_Analyst,18,14.5,14
CUST-1013,Integrations_Settings,4,3.9,12
CUST-1014,Dashboard,47,62.9,28
CUST-1014,Report_Builder,27,29.8,30
CUST-1014,Data_Export,9,10.5,30
CUST-1014,AI_Ask_Analyst,38,45.5,27
CUST-1014,Integrations_Settings,15,21.4,27
CUST-1015,Dashboard,40,37.8,19
CUST-1015,Report_Builder,16,15.4,18
CUST-1015,Data_Export,8,10.0,20
CUST-1015,AI_Ask_Analyst,15,14.4,20
CUST-1015,Integrations_Settings,12,15.7,17
CUST-1016,Dashboard,57,48.1,21
CUST-1016,Report_Builder,32,30.8,24
CUST-1016,Data_Export,7,9.6,22
CUST-1016,AI_Ask_Analyst,30,33.6,23
CUST-1016,Integrations_Settings,8,11.8,24
CUST-1017,Dashboard,43,46.6,20
CUST-1017,Report_Builder,17,20.7,20
CUST-1017,Data_Export,2,2.8,18
CUST-1017,AI_Ask_Analyst,38,56.4,20
CUST-1017,Integrations_Settings,14,19.1,18
CUST-1018,Dashboard,40,55.7,24
CUST-1018,Report_Builder,28,27.2,21
CUST-1018,Data_Export,7,9.3,21
CUST-1018,AI_Ask_Analyst,31,25.5,23
CUST-1018,Integrations_Settings,11,12.7,23
CUST-1019,Dashboard,42,61.7,17
CUST-1019,Report_Builder,24,35.2,16
CUST-1019,Data_Export,9,12.0,18
CUST-1019,AI_Ask_Analyst,23,21.7,16
CUST-1019,Integrations_Settings,5,5.0,18
CUST-1020,Dashboard,50,68.4,26
CUST-1020,Report_Builder,29,39.9,24
CUST-1020,Data_Export,7,7.6,24
CUST-1020,AI_Ask_Analyst,29,27.3,25
CUST-1020,Integrations_Settings,3,3.9,26
CUST-1021,Dashboard,15,18.7,7
CUST-1021,Report_Builder,14,12.0,9
CUST-1021,Data_Export,1,1.0,8
CUST-1021,AI_Ask_Analyst,12,15.6,7
CUST-1021,Integrations_Settings,5,4.6,9
CUST-1022,Dashboard,40,57.8,18
CUST-1022,Report_Builder,16,13.4,16
CUST-1022,Data_Export,10,13.5,19
CUST-1022,AI_Ask_Analyst,30,40.4,18
CUST-1022,Integrations_Settings,4,5.2,18
CUST-1023,Dashboard,57,67.2,24
CUST-1023,Report_Builder,26,36.5,24
CUST-1023,Data_Export,17,15.5,24
CUST-1023,AI_Ask_Analyst,34,34.5,26
CUST-1023,Integrations_Settings,10,9.4,26
CUST-1024,Dashboard,50,63.5,19
CUST-1024,Report_Builder,13,17.5,17
CUST-1024,Data_Export,5,5.8,17
CUST-1024,AI_Ask_Analyst,16,23.8,17
CUST-1024,Integrations_Settings,7,6.9,20
CUST-1025,Dashboard,51,45.9,25
CUST-1025,Report_Builder,16,23.5,25
CUST-1025,Data_Export,12,11.7,24
CUST-1025,AI_Ask_Analyst,23,33.6,24
CUST-1025,Integrations_Settings,5,6.2,23
CUST-1026,Dashboard,50,55.8,22
CUST-1026,Report_Builder,20,24.6,25
CUST-1026,Data_Export,5,6.6,24
CUST-1026,AI_Ask_Analyst,36,39.8,24
CUST-1026,Integrations_Settings,9,8.8,22
CUST-1027,Dashboard,52,57.1,19
CUST-1027,Report_Builder,22,18.8,21
CUST-1027,Data_Export,10,13.4,18
CUST-1027,AI_Ask_Analyst,34,40.0,18
CUST-1027,Integrations_Settings,11,14.8,19
CUST-1028,Dashboard,55,61.1,22
CUST-1028,Report_Builder,19,20.6,24
CUST-1028,Data_Export,8,6.8,23
CUST-1028,AI_Ask_Analyst,41,53.5,24
CUST-1028,Integrations_Settings,8,11.0,22
CUST-1029,Dashboard,56,76.5,22
CUST-1029,Report_Builder,21,24.2,24
CUST-1029,Data_Export,10,10.9,24
CUST-1029,AI_Ask_Analyst,32,40.7,22
CUST-1029,Integrations_Settings,14,17.4,24
CUST-1030,Dashboard,29,35.5,16
CUST-1030,Report_Builder,12,11.8,16
CUST-1030,Data_Export,9,10.4,17
CUST-1030,AI_Ask_Analyst,22,17.9,17
CUST-1030,Integrations_Settings,4,5.1,17
CUST-1031,Dashboard,48,61.2,29
CUST-1031,Report_Builder,30,24.4,28
CUST-1031,Data_Export,15,16.3,28
CUST-1031,AI_Ask_Analyst,39,38.1,28
CUST-1031,Integrations_Settings,13,17.2,28
CUST-1032,Dashboard,41,55.5,19
CUST-1032,Report_Builder,21,22.7,20
CUST-1032,Data_Export,6,8.5,21
CUST-1032,AI_Ask_Analyst,20,27.9,21
CUST-1032,Integrations_Settings,8,8.4,21
CUST-1033,Dashboard,58,61.6,29
CUST-1033,Report_Builder,31,40.2,28
CUST-1033,Data_Export,9,12.5,26
CUST-1033,AI_Ask_Analyst,40,33.9,29
CUST-1033,Integrations_Settings,10,11.6,27
CUST-1034,Dashboard,25,22.5,8
CUST-1034,Report_Builder,7,7.5,11
CUST-1034,Data_Export,8,9.9,9
CUST-1034,AI_Ask_Analyst,11,14.3,11
CUST-1034,Integrations_Settings,2,1.9,9
CUST-1035,Dashboard,46,60.8,20
CUST-1035,Report_Builder,18,22.7,20
CUST-1035,Data_Export,10,13.8,18
CUST-1035,AI_Ask_Analyst,26,35.0,19
CUST-1035,Integrations_Settings,8,11.4,19
CUST-1036,Dashboard,55,69.7,26
CUST-1036,Report_Builder,26,30.2,27
CUST-1036,Data_Export,7,5.9,28
CUST-1036,AI_Ask_Analyst,45,57.2,27
CUST-1036,Integrations_Settings,6,6.3,27
CUST-1037,Dashboard,54,46.2,26
CUST-1037,Report_Builder,24,32.0,27
CUST-1037,Data_Export,13,11.6,29
CUST-1037,AI_Ask_Analyst,37,45.8,26
CUST-1037,Integrations_Settings,10,8.5,26
CUST-1038,Dashboard,32,41.4,13
CUST-1038,Report_Builder,15,21.1,13
CUST-1038,Data_Export,10,11.2,12
CUST-1038,AI_Ask_Analyst,15,13.2,13
CUST-1038,Integrations_Settings,6,7.5,14
CUST-1039,Dashboard,57,47.3,29
CUST-1039,Report_Builder,32,29.4,30
CUST-1039,Data_Export,13,12.0,30
CUST-1039,AI_Ask_Analyst,37,33.6,28
CUST-1039,Integrations_Settings,15,12.8,30
CUST-1040,Dashboard,47,39.3,24
CUST-1040,Report_Builder,14,20.2,24
CUST-1040,Data_Export,11,15.7,23
CUST-1040,AI_Ask_Analyst,30,43.8,21
CUST-1040,Integrations_Settings,7,7.5,22
CUST-1041,Dashboard,33,37.4,16
CUST-1041,Report_Builder,14,12.8,15
CUST-1041,Data_Export,4,3.6,17
CUST-1041,AI_Ask_Analyst,19,18.3,18
CUST-1041,Integrations_Settings,8,11.9,18
CUST-1042,Dashboard,5,5.1,6
CUST-1042,Report_Builder,5,4.0,6
CUST-1042,Data_Export,1,1.1,5
CUST-1042,AI_Ask_Analyst,6,9.0,3
CUST-1042,Integrations_Settings,3,4.5,3
CUST-1043,Dashboard,69,80.4,25
CUST-1043,Report_Builder,31,35.3,27
CUST-1043,Data_Export,12,16.3,28
CUST-1043,AI_Ask_Analyst,31,41.3,26
CUST-1043,Integrations_Settings,14,18.4,28
CUST-1044,Dashboard,39,37.5,19
CUST-1044,Report_Builder,16,22.4,17
CUST-1044,Data_Export,8,8.5,19
CUST-1044,AI_Ask_Analyst,22,26.4,17
CUST-1044,Integrations_Settings,6,4.8,19
CUST-1045,Dashboard,57,60.6,25
CUST-1045,Report_Builder,21,22.0,25
CUST-1045,Data_Export,8,11.7,27
CUST-1045,AI_Ask_Analyst,31,30.0,27
CUST-1045,Integrations_Settings,11,14.7,25
CUST-1046,Dashboard,31,34.1,17
CUST-1046,Report_Builder,18,20.4,19
CUST-1046,Data_Export,4,5.7,18
CUST-1046,AI_Ask_Analyst,29,35.9,18
CUST-1046,Integrations_Settings,5,4.8,19
CUST-1047,Dashboard,35,50.4,19
CUST-1047,Report_Builder,15,16.0,19
CUST-1047,Data_Export,4,4.8,16
CUST-1047,AI_Ask_Analyst,23,24.6,17
CUST-1047,Integrations_Settings,5,5.0,16
CUST-1048,Dashboard,66,81.0,26
CUST-1048,Report_Builder,21,25.9,24
CUST-1048,Data_Export,10,10.4,27
CUST-1048,AI_Ask_Analyst,29,25.0,27
CUST-1048,Integrations_Settings,7,8.5,27
CUST-1049,Dashboard,12,17.3,6
CUST-1049,Report_Builder,9,7.2,7
CUST-1049,Data_Export,4,5.3,7
CUST-1049,AI_Ask_Analyst,8,10.5,4
CUST-1049,Integrations_Settings,2,1.8,6
CUST-1050,Dashboard,39,34.4,18
CUST-1050,Report_Builder,18,17.1,20
CUST-1050,Data_Export,8,11.0,18
CUST-1050,AI_Ask_Analyst,29,24.7,18
CUST-1050,Integrations_Settings,6,7.6,21
CUST-1051,Dashboard,14,16.7,3
CUST-1051,Report_Builder,6,5.0,6
CUST-1051,Data_Export,1,1.5,3
CUST-1051,AI_Ask_Analyst,9,8.5,3
CUST-1051,Integrations_Settings,4,3.6,5
CUST-1052,Dashboard,47,52.7,18
CUST-1052,Report_Builder,16,20.4,19
CUST-1052,Data_Export,5,6.3,19
CUST-1052,AI_Ask_Analyst,31,30.0,20
CUST-1052,Integrations_Settings,10,9.8,18
CUST-1053,Dashboard,37,43.4,20
CUST-1053,Report_Builder,21,22.6,20
CUST-1053,Data_Export,4,4.7,18
CUST-1053,AI_Ask_Analyst,24,27.6,19
CUST-1053,Integrations_Settings,5,5.1,20
CUST-1054,Dashboard,53,62.1,25
CUST-1054,Report_Builder,32,35.5,26
CUST-1054,Data_Export,11,12.1,28
CUST-1054,AI_Ask_Analyst,39,43.0,27
CUST-1054,Integrations_Settings,10,10.2,28
CUST-1055,Dashboard,30,35.7,16
CUST-1055,Report_Builder,29,38.0,15
CUST-1055,Data_Export,9,10.1,16
CUST-1055,AI_Ask_Analyst,17,16.2,17
CUST-1055,Integrations_Settings,10,8.4,17
CUST-1056,Dashboard,41,39.5,19
CUST-1056,Report_Builder,17,16.9,18
CUST-1056,Data_Export,4,4.3,17
CUST-1056,AI_Ask_Analyst,29,28.2,18
CUST-1056,Integrations_Settings,10,11.0,18
CUST-1057,Dashboard,26,26.6,17
CUST-1057,Report_Builder,10,10.4,17
CUST-1057,Data_Export,9,8.6,14
CUST-1057,AI_Ask_Analyst,25,22.7,17
CUST-1057,Integrations_Settings,5,6.0,16
CUST-1058,Dashboard,42,52.5,17
CUST-1058,Report_Builder,17,17.3,17
CUST-1058,Data_Export,8,10.5,17
CUST-1058,AI_Ask_Analyst,16,23.9,17
CUST-1058,Integrations_Settings,12,12.4,17
CUST-1059,Dashboard,18,14.7,9
CUST-1059,Report_Builder,7,10.5,7
CUST-1059,Data_Export,5,5.0,8
CUST-1059,AI_Ask_Analyst,9,10.9,8
CUST-1059,Integrations_Settings,1,0.8,10
CUST-1060,Dashboard,8,7.1,2
CUST-1060,Report_Builder,2,3.0,4
CUST-1060,Data_Export,2,2.3,1
CUST-1060,AI_Ask_Analyst,10,13.6,1
CUST-1060,Integrations_Settings,2,1.7,2
CUST-1061,Dashboard,44,59.8,17
CUST-1061,Report_Builder,17,22.1,19
CUST-1061,Data_Export,10,14.5,16
CUST-1061,AI_Ask_Analyst,25,20.3,17
CUST-1061,Integrations_Settings,9,12.8,18
CUST-1062,Dashboard,60,53.0,25
CUST-1062,Report_Builder,28,24.2,28
CUST-1062,Data_Export,11,9.5,25
CUST-1062,AI_Ask_Analyst,32,47.7,27
CUST-1062,Integrations_Settings,8,8.2,27
CUST-1063,Dashboard,36,51.3,23
CUST-1063,Report_Builder,29,29.4,21
CUST-1063,Data_Export,13,17.5,21
CUST-1063,AI_Ask_Analyst,29,40.5,23
CUST-1063,Integrations_Settings,11,9.2,22
CUST-1064,Dashboard,48,55.1,21
CUST-1064,Report_Builder,19,23.9,21
CUST-1064,Data_Export,12,12.3,18
CUST-1064,AI_Ask_Analyst,27,34.4,19
CUST-1064,Integrations_Settings,7,7.3,21
CUST-1065,Dashboard,29,33.3,18
CUST-1065,Report_Builder,17,18.4,18
CUST-1065,Data_Export,2,2.5,16
CUST-1065,AI_Ask_Analyst,22,18.5,18
CUST-1065,Integrations_Settings,5,5.8,17
CUST-1066,Dashboard,39,34.7,18
CUST-1066,Report_Builder,23,28.4,19
CUST-1066,Data_Export,8,9.6,19
CUST-1066,AI_Ask_Analyst,19,26.9,20
CUST-1066,Integrations_Settings,8,9.1,21
CUST-1067,Dashboard,68,69.0,28
CUST-1067,Report_Builder,38,53.7,28
CUST-1067,Data_Export,9,11.0,29
CUST-1067,AI_Ask_Analyst,33,39.8,26
CUST-1067,Integrations_Settings,12,16.9,29
CUST-1068,Dashboard,59,52.7,26
CUST-1068,Report_Builder,28,24.7,25
CUST-1068,Data_Export,12,14.9,24
CUST-1068,AI_Ask_Analyst,32,31.1,26
CUST-1068,Integrations_Settings,10,12.7,26
CUST-1069,Dashboard,37,33.3,16
CUST-1069,Report_Builder,13,10.9,17
CUST-1069,Data_Export,6,4.9,18
CUST-1069,AI_Ask_Analyst,23,32.5,18
CUST-1069,Integrations_Settings,8,9.7,18
CUST-1070,Dashboard,34,31.2,17
CUST-1070,Report_Builder,23,29.4,20
CUST-1070,Data_Export,7,5.6,17
CUST-1070,AI_Ask_Analyst,14,18.7,17
CUST-1070,Integrations_Settings,3,2.6,19
CUST-1071,Dashboard,74,84.6,25
CUST-1071,Report_Builder,19,25.8,26
CUST-1071,Data_Export,11,11.4,28
CUST-1071,AI_Ask_Analyst,23,24.0,27
CUST-1071,Integrations_Settings,14,17.9,26
CUST-1072,Dashboard,44,47.5,18
CUST-1072,Report_Builder,22,17.9,18
CUST-1072,Data_Export,9,9.8,19
CUST-1072,AI_Ask_Analyst,26,31.1,17
CUST-1072,Integrations_Settings,4,5.9,16
CUST-1073,Dashboard,58,63.0,29
CUST-1073,Report_Builder,27,30.7,30
CUST-1073,Data_Export,9,11.3,30
CUST-1073,AI_Ask_Analyst,38,36.0,30
CUST-1073,Integrations_Settings,15,17.0,30
CUST-1074,Dashboard,55,70.8,25
CUST-1074,Report_Builder,26,30.1,25
CUST-1074,Data_Export,10,9.8,25
CUST-1074,AI_Ask_Analyst,22,20.4,26
CUST-1074,Integrations_Settings,8,6.5,26
CUST-1075,Dashboard,29,34.8,17
CUST-1075,Report_Builder,12,14.2,17
CUST-1075,Data_Export,5,6.1,20
CUST-1075,AI_Ask_Analyst,26,28.6,20
CUST-1075,Integrations_Settings,5,5.3,17
CUST-1076,Dashboard,38,41.7,19
CUST-1076,Report_Builder,23,30.0,17
CUST-1076,Data_Export,5,6.3,16
CUST-1076,AI_Ask_Analyst,20,19.7,18
CUST-1076,Integrations_Settings,11,10.6,16
CUST-1077,Dashboard,32,45.8,19
CUST-1077,Report_Builder,25,31.8,19
CUST-1077,Data_Export,7,7.5,19
CUST-1077,AI_Ask_Analyst,29,37.2,19
CUST-1077,Integrations_Settings,7,6.3,20
CUST-1078,Dashboard,22,21.2,10
CUST-1078,Report_Builder,8,7.2,10
CUST-1078,Data_Export,3,3.4,11
CUST-1078,AI_Ask_Analyst,16,19.5,10
CUST-1078,Integrations_Settings,6,8.8,8
CUST-1079,Dashboard,50,63.4,27
CUST-1079,Report_Builder,27,27.5,27
CUST-1079,Data_Export,7,7.8,28
CUST-1079,AI_Ask_Analyst,31,41.1,28
CUST-1079,Integrations_Settings,14,18.9,27
CUST-1080,Dashboard,40,52.8,25
CUST-1080,Report_Builder,27,33.7,22
CUST-1080,Data_Export,8,10.4,22
CUST-1080,AI_Ask_Analyst,27,36.6,25
CUST-1080,Integrations_Settings,12,17.7,24
CUST-1081,Dashboard,29,37.3,10
CUST-1081,Report_Builder,18,24.2,12
CUST-1081,Data_Export,4,3.9,10
CUST-1081,AI_Ask_Analyst,12,13.3,9
CUST-1081,Integrations_Settings,1,1.1,10
CUST-1082,Dashboard,34,41.4,21
CUST-1082,Report_Builder,22,30.2,21
CUST-1082,Data_Export,13,12.3,21
CUST-1082,AI_Ask_Analyst,36,42.8,22
CUST-1082,Integrations_Settings,8,9.3,22
CUST-1083,Dashboard,30,39.7,14
CUST-1083,Report_Builder,6,5.0,11
CUST-1083,Data_Export,8,9.4,14
CUST-1083,AI_Ask_Analyst,13,19.4,14
CUST-1083,Integrations_Settings,6,4.9,14
CUST-1084,Dashboard,65,66.0,26
CUST-1084,Report_Builder,21,19.5,27
CUST-1084,Data_Export,11,12.0,27
CUST-1084,AI_Ask_Analyst,41,48.2,26
CUST-1084,Integrations_Settings,18,18.2,26
CUST-1085,Dashboard,34,47.3,20
CUST-1085,Report_Builder,13,11.5,20
CUST-1085,Data_Export,2,2.8,18
CUST-1085,AI_Ask_Analyst,20,18.4,17
CUST-1085,Integrations_Settings,5,6.8,19
CUST-1086,Dashboard,49,49.1,27
CUST-1086,Report_Builder,27,34.8,27
CUST-1086,Data_Export,9,12.2,29
CUST-1086,AI_Ask_Analyst,34,30.0,27
CUST-1086,Integrations_Settings,5,5.4,28
CUST-1087,Dashboard,53,52.1,19
CUST-1087,Report_Builder,17,15.7,20
CUST-1087,Data_Export,11,12.9,19
CUST-1087,AI_Ask_Analyst,31,42.3,19
CUST-1087,Integrations_Settings,15,20.0,20
CUST-1088,Dashboard,46,62.6,25
CUST-1088,Report_Builder,24,26.1,24
CUST-1088,Data_Export,6,6.4,24
CUST-1088,AI_Ask_Analyst,34,40.1,27
CUST-1088,Integrations_Settings,6,8.9,27
CUST-1089,Dashboard,64,71.1,27
CUST-1089,Report_Builder,30,28.1,30
CUST-1089,Data_Export,9,8.5,28
CUST-1089,AI_Ask_Analyst,42,61.6,30
CUST-1089,Integrations_Settings,12,10.1,27
CUST-1090,Dashboard,32,30.7,18
CUST-1090,Report_Builder,11,14.1,17
CUST-1090,Data_Export,11,14.9,16
CUST-1090,AI_Ask_Analyst,24,28.3,19
CUST-1090,Integrations_Settings,7,8.7,19
CUST-1091,Dashboard,53,46.6,24
CUST-1091,Report_Builder,22,25.0,25
CUST-1091,Data_Export,13,10.6,25
CUST-1091,AI_Ask_Analyst,26,36.1,26
CUST-1091,Integrations_Settings,13,16.0,23
CUST-1092,Dashboard,43,60.1,21
CUST-1092,Report_Builder,18,15.5,22
CUST-1092,Data_Export,8,6.6,20
CUST-1092,AI_Ask_Analyst,34,49.3,20
CUST-1092,Integrations_Settings,8,8.1,22
CUST-1093,Dashboard,44,40.6,21
CUST-1093,Report_Builder,20,29.6,20
CUST-1093,Data_Export,6,5.8,21
CUST-1093,AI_Ask_Analyst,28,32.6,21
CUST-1093,Integrations_Settings,9,12.8,22
CUST-1094,Dashboard,7,8.3,3
CUST-1094,Report_Builder,3,2.8,2
CUST-1094,Data_Export,1,1.1,5
CUST-1094,AI_Ask_Analyst,8,10.8,2
CUST-1094,Integrations_Settings,0,0.0,2
CUST-1095,Dashboard,48,70.1,21
CUST-1095,Report_Builder,18,14.9,22
CUST-1095,Data_Export,12,13.9,21
CUST-1095,AI_Ask_Analyst,29,33.0,22
CUST-1095,Integrations_Settings,4,3.7,23
CUST-1096,Dashboard,52,50.7,23
CUST-1096,Report_Builder,20,17.4,25
CUST-1096,Data_Export,5,6.4,24
CUST-1096,AI_Ask_Analyst,38,31.3,24
CUST-1096,Integrations_Settings,13,17.3,23
CUST-1097,Dashboard,8,11.7,2
CUST-1097,Report_Builder,3,2.5,4
CUST-1097,Data_Export,1,0.8,1
CUST-1097,AI_Ask_Analyst,6,8.8,4
CUST-1097,Integrations_Settings,1,1.1,1
CUST-1098,Dashboard,30,40.1,17
CUST-1098,Report_Builder,13,14.0,15
CUST-1098,Data_Export,10,14.6,16
CUST-1098,AI_Ask_Analyst,23,27.9,14
CUST-1098,Integrations_Settings,5,5.7,16
CUST-1099,Dashboard,41,60.2,20
CUST-1099,Report_Builder,20,18.1,17
CUST-1099,Data_Export,7,9.5,19
CUST-1099,AI_Ask_Analyst,23,33.0,20
CUST-1099,Integrations_Settings,12,9.9,20
CUST-1100,Dashboard,55,75.8,21
CUST-1100,Report_Builder,20,23.0,21
CUST-1100,Data_Export,7,6.4,24
CUST-1100,AI_Ask_Analyst,27,21.7,24
CUST-1100,Integrations_Settings,7,9.1,23
CUST-1101,Dashboard,52,44.5,23
CUST-1101,Report_Builder,29,32.7,23
CUST-1101,Data_Export,14,11.8,24
CUST-1101,AI_Ask_Analyst,31,30.8,26
CUST-1101,Integrations_Settings,12,10.2,26
CUST-1102,Dashboard,12,17.7,9
CUST-1102,Report_Builder,12,15.4,9
CUST-1102,Data_Export,5,4.6,8
CUST-1102,AI_Ask_Analyst,7,9.7,7
CUST-1102,Integrations_Settings,5,5.3,10
CUST-1103,Dashboard,3,2.9,4
CUST-1103,Report_Builder,5,4.8,1
CUST-1103,Data_Export,0,0.0,4
CUST-1103,AI_Ask_Analyst,6,7.2,4
CUST-1103,Integrations_Settings,3,2.7,3
CUST-1104,Dashboard,39,37.9,20
CUST-1104,Report_Builder,22,25.5,19
CUST-1104,Data_Export,8,6.7,21
CUST-1104,AI_Ask_Analyst,19,15.8,19
CUST-1104,Integrations_Settings,8,10.2,20
CUST-1105,Dashboard,63,72.3,26
CUST-1105,Report_Builder,17,22.4,26
CUST-1105,Data_Export,9,12.3,25
CUST-1105,AI_Ask_Analyst,33,29.5,26
CUST-1105,Integrations_Settings,6,6.8,25
CUST-1106,Dashboard,45,40.0,21
CUST-1106,Report_Builder,25,33.3,22
CUST-1106,Data_Export,8,8.2,21
CUST-1106,AI_Ask_Analyst,23,19.9,20
CUST-1106,Integrations_Settings,6,6.5,22
CUST-1107,Dashboard,17,23.9,10
CUST-1107,Report_Builder,13,15.7,9
CUST-1107,Data_Export,3,2.5,7
CUST-1107,AI_Ask_Analyst,11,10.2,10
CUST-1107,Integrations_Settings,2,2.4,9
CUST-1108,Dashboard,55,71.2,21
CUST-1108,Report_Builder,23,32.9,22
CUST-1108,Data_Export,7,8.7,19
CUST-1108,AI_Ask_Analyst,34,34.3,21
CUST-1108,Integrations_Settings,5,7.1,20
CUST-1109,Dashboard,42,60.4,20
CUST-1109,Report_Builder,21,18.5,19
CUST-1109,Data_Export,9,13.1,18
CUST-1109,AI_Ask_Analyst,26,39.0,19
CUST-1109,Integrations_Settings,8,6.9,19
CUST-1110,Dashboard,42,37.4,20
CUST-1110,Report_Builder,16,21.2,21
CUST-1110,Data_Export,5,5.5,21
CUST-1110,AI_Ask_Analyst,21,30.5,20
CUST-1110,Integrations_Settings,9,11.3,18
CUST-1111,Dashboard,46,52.9,18
CUST-1111,Report_Builder,18,25.5,20
CUST-1111,Data_Export,5,6.5,20
CUST-1111,AI_Ask_Analyst,29,30.2,20
CUST-1111,Integrations_Settings,9,10.5,20
CUST-1112,Dashboard,47,48.3,21
CUST-1112,Report_Builder,36,35.4,24
CUST-1112,Data_Export,9,11.2,24
CUST-1112,AI_Ask_Analyst,26,31.8,22
CUST-1112,Integrations_Settings,11,13.3,23
CUST-1113,Dashboard,52,49.5,24
CUST-1113,Report_Builder,23,21.8,23
CUST-1113,Data_Export,13,10.4,22
CUST-1113,AI_Ask_Analyst,25,29.9,23
CUST-1113,Integrations_Settings,10,11.6,24
CUST-1114,Dashboard,24,20.8,12
CUST-1114,Report_Builder,15,17.4,12
CUST-1114,Data_Export,3,2.6,15
CUST-1114,AI_Ask_Analyst,11,10.1,15
CUST-1114,Integrations_Settings,6,6.7,15
CUST-1115,Dashboard,46,50.5,21
CUST-1115,Report_Builder,17,21.6,23
CUST-1115,Data_Export,9,8.6,24
CUST-1115,AI_Ask_Analyst,25,36.4,22
CUST-1115,Integrations_Settings,7,6.4,21
CUST-1116,Dashboard,44,36.1,23
CUST-1116,Report_Builder,22,19.1,25
CUST-1116,Data_Export,5,7.2,25
CUST-1116,AI_Ask_Analyst,25,34.1,23
CUST-1116,Integrations_Settings,11,10.9,25
CUST-1117,Dashboard,30,25.9,17
CUST-1117,Report_Builder,17,25.3,18
CUST-1117,Data_Export,1,0.9,19
CUST-1117,AI_Ask_Analyst,16,23.2,17
CUST-1117,Integrations_Settings,7,6.2,17
CUST-1118,Dashboard,55,60.6,27
CUST-1118,Report_Builder,26,35.6,28
CUST-1118,Data_Export,11,12.0,25
CUST-1118,AI_Ask_Analyst,37,46.3,25
CUST-1118,Integrations_Settings,8,10.5,28
CUST-1119,Dashboard,42,61.8,20
CUST-1119,Report_Builder,18,16.2,20
CUST-1119,Data_Export,9,13.4,20
CUST-1119,AI_Ask_Analyst,26,25.1,21
CUST-1119,Integrations_Settings,4,4.7,18
CUST-1120,Dashboard,21,26.0,11
CUST-1120,Report_Builder,13,14.4,8
CUST-1120,Data_Export,7,7.9,8
CUST-1120,AI_Ask_Analyst,13,18.9,9
CUST-1120,Integrations_Settings,3,3.7,8
CUST-1121,Dashboard,45,37.6,27
CUST-1121,Report_Builder,25,32.4,25
CUST-1121,Data_Export,8,11.8,26
CUST-1121,AI_Ask_Analyst,28,37.6,26
CUST-1121,Integrations_Settings,4,4.3,27
CUST-1122,Dashboard,57,72.9,29
CUST-1122,Report_Builder,36,29.8,30
CUST-1122,Data_Export,8,11.3,30
CUST-1122,AI_Ask_Analyst,41,40.5,29
CUST-1122,Integrations_Settings,7,9.5,28
CUST-1123,Dashboard,36,44.5,14
CUST-1123,Report_Builder,21,30.7,15
CUST-1123,Data_Export,2,2.5,16
CUST-1123,AI_Ask_Analyst,26,38.1,16
CUST-1123,Integrations_Settings,8,10.3,16
CUST-1124,Dashboard,68,93.6,25
CUST-1124,Report_Builder,30,38.0,25
CUST-1124,Data_Export,10,11.4,25
CUST-1124,AI_Ask_Analyst,40,56.1,27
CUST-1124,Integrations_Settings,11,16.2,28
CUST-1125,Dashboard,34,33.5,12
CUST-1125,Report_Builder,14,12.5,13
CUST-1125,Data_Export,4,5.9,15
CUST-1125,AI_Ask_Analyst,11,15.5,12
CUST-1125,Integrations_Settings,1,1.2,15
CUST-1126,Dashboard,53,51.1,28
CUST-1126,Report_Builder,24,32.0,27
CUST-1126,Data_Export,11,12.1,29
CUST-1126,AI_Ask_Analyst,27,37.7,28
CUST-1126,Integrations_Settings,11,16.0,26
CUST-1127,Dashboard,44,51.5,22
CUST-1127,Report_Builder,29,32.8,23
CUST-1127,Data_Export,13,17.5,21
CUST-1127,AI_Ask_Analyst,29,23.9,24
CUST-1127,Integrations_Settings,7,8.0,23
CUST-1128,Dashboard,60,77.8,25
CUST-1128,Report_Builder,23,23.0,27
CUST-1128,Data_Export,11,14.5,27
CUST-1128,AI_Ask_Analyst,33,42.2,27
CUST-1128,Integrations_Settings,9,9.2,27
CUST-1129,Dashboard,13,15.1,8
CUST-1129,Report_Builder,9,13.4,8
CUST-1129,Data_Export,3,3.2,7
CUST-1129,AI_Ask_Analyst,9,7.3,7
CUST-1129,Integrations_Settings,2,2.8,7
CUST-1130,Dashboard,37,32.4,17
CUST-1130,Report_Builder,13,11.3,18
CUST-1130,Data_Export,6,5.6,19
CUST-1130,AI_Ask_Analyst,19,28.4,20
CUST-1130,Integrations_Settings,6,6.5,19
CUST-1131,Dashboard,59,59.7,30
CUST-1131,Report_Builder,31,43.0,28
CUST-1131,Data_Export,16,22.7,30
CUST-1131,AI_Ask_Analyst,30,36.5,27
CUST-1131,Integrations_Settings,11,11.8,28
CUST-1132,Dashboard,24,21.6,11
CUST-1132,Report_Builder,8,12.0,13
CUST-1132,Data_Export,4,3.4,14
CUST-1132,AI_Ask_Analyst,17,22.7,12
CUST-1132,Integrations_Settings,3,3.4,11
CUST-1133,Dashboard,57,82.8,24
CUST-1133,Report_Builder,31,32.8,26
CUST-1133,Data_Export,6,5.5,25
CUST-1133,AI_Ask_Analyst,31,44.6,26
CUST-1133,Integrations_Settings,10,11.5,26
CUST-1134,Dashboard,17,23.1,8
CUST-1134,Report_Builder,6,5.0,8
CUST-1134,Data_Export,3,4.2,7
CUST-1134,AI_Ask_Analyst,15,20.9,7
CUST-1134,Integrations_Settings,4,4.8,5
CUST-1135,Dashboard,30,25.8,18
CUST-1135,Report_Builder,14,20.5,18
CUST-1135,Data_Export,7,5.7,20
CUST-1135,AI_Ask_Analyst,29,32.2,20
CUST-1135,Integrations_Settings,7,7.3,18
CUST-1136,Dashboard,47,58.9,20
CUST-1136,Report_Builder,24,25.2,22
CUST-1136,Data_Export,6,5.0,21
CUST-1136,AI_Ask_Analyst,25,27.4,20
CUST-1136,Integrations_Settings,7,9.6,22
CUST-1137,Dashboard,36,35.6,19
CUST-1137,Report_Builder,19,27.8,18
CUST-1137,Data_Export,9,13.0,16
CUST-1137,AI_Ask_Analyst,21,30.2,18
CUST-1137,Integrations_Settings,6,7.7,18
CUST-1138,Dashboard,42,52.1,24
CUST-1138,Report_Builder,29,36.4,25
CUST-1138,Data_Export,12,17.1,25
CUST-1138,AI_Ask_Analyst,27,25.5,25
CUST-1138,Integrations_Settings,10,9.8,23
CUST-1139,Dashboard,32,34.3,19
CUST-1139,Report_Builder,18,23.5,21
CUST-1139,Data_Export,10,12.6,20
CUST-1139,AI_Ask_Analyst,28,41.4,22
CUST-1139,Integrations_Settings,4,3.3,21
CUST-1140,Dashboard,56,68.9,23
CUST-1140,Report_Builder,19,28.3,24
CUST-1140,Data_Export,9,12.4,22
CUST-1140,AI_Ask_Analyst,34,42.7,24
CUST-1140,Integrations_Settings,7,6.6,24
CUST-1141,Dashboard,7,7.5,2
CUST-1141,Report_Builder,2,1.9,2
CUST-1141,Data_Export,4,5.0,5
CUST-1141,AI_Ask_Analyst,9,12.5,3
CUST-1141,Integrations_Settings,1,1.3,5
CUST-1142,Dashboard,15,14.0,7
CUST-1142,Report_Builder,9,13.0,9
CUST-1142,Data_Export,5,7.4,10
CUST-1142,AI_Ask_Analyst,14,13.6,8
CUST-1142,Integrations_Settings,4,5.3,8
CUST-1143,Dashboard,53,42.5,30
CUST-1143,Report_Builder,41,42.1,27
CUST-1143,Data_Export,10,9.3,28
CUST-1143,AI_Ask_Analyst,40,42.8,27
CUST-1143,Integrations_Settings,13,14.5,30
CUST-1144,Dashboard,63,81.6,27
CUST-1144,Report_Builder,16,23.2,26
CUST-1144,Data_Export,10,10.1,26
CUST-1144,AI_Ask_Analyst,35,37.6,26
CUST-1144,Integrations_Settings,10,11.8,27
CUST-1145,Dashboard,63,54.2,26
CUST-1145,Report_Builder,24,20.9,27
CUST-1145,Data_Export,12,13.2,29
CUST-1145,AI_Ask_Analyst,39,42.3,27
CUST-1145,Integrations_Settings,13,19.3,27
CUST-1146,Dashboard,48,57.1,20
CUST-1146,Report_Builder,20,23.7,18
CUST-1146,Data_Export,11,12.0,21
CUST-1146,AI_Ask_Analyst,29,41.3,19
CUST-1146,Integrations_Settings,5,4.9,19
CUST-1147,Dashboard,28,33.4,21
CUST-1147,Report_Builder,19,25.1,20
CUST-1147,Data_Export,8,11.1,20
CUST-1147,AI_Ask_Analyst,31,30.3,19
CUST-1147,Integrations_Settings,4,4.6,18
CUST-1148,Dashboard,55,46.8,29
CUST-1148,Report_Builder,35,34.9,30
CUST-1148,Data_Export,12,15.2,30
CUST-1148,AI_Ask_Analyst,39,39.5,30
CUST-1148,Integrations_Settings,14,14.2,28
CUST-1149,Dashboard,22,21.1,11
CUST-1149,Report_Builder,7,9.1,14
CUST-1149,Data_Export,1,0.9,14
CUST-1149,AI_Ask_Analyst,15,15.1,11
CUST-1149,Integrations_Settings,6,7.1,12
CUST-1150,Dashboard,63,60.3,26
CUST-1150,Report_Builder,26,32.9,26
CUST-1150,Data_Export,17,16.4,27
CUST-1150,AI_Ask_Analyst,27,36.5,28
CUST-1150,Integrations_Settings,15,22.4,26
CUST-1151,Dashboard,22,33.0,9
CUST-1151,Report_Builder,9,9.1,11
CUST-1151,Data_Export,3,4.3,9
CUST-1151,AI_Ask_Analyst,12,10.9,10
CUST-1151,Integrations_Settings,4,4.9,12
CUST-1152,Dashboard,35,49.3,18
CUST-1152,Report_Builder,24,19.5,19
CUST-1152,Data_Export,9,12.6,18
CUST-1152,AI_Ask_Analyst,23,20.4,17
CUST-1152,Integrations_Settings,6,5.0,19
CUST-1153,Dashboard,37,43.5,18
CUST-1153,Report_Builder,17,17.4,15
CUST-1153,Data_Export,5,5.9,16
CUST-1153,AI_Ask_Analyst,28,31.9,16
CUST-1153,Integrations_Settings,6,8.8,18
CUST-1154,Dashboard,32,37.1,12
CUST-1154,Report_Builder,18,19.3,10
CUST-1154,Data_Export,5,4.3,9
CUST-1154,AI_Ask_Analyst,12,12.2,9
CUST-1154,Integrations_Settings,2,2.9,9
CUST-1155,Dashboard,51,44.6,21
CUST-1155,Report_Builder,25,35.9,24
CUST-1155,Data_Export,9,8.9,21
CUST-1155,AI_Ask_Analyst,20,20.8,24
CUST-1155,Integrations_Settings,6,5.1,24
CUST-1156,Dashboard,40,58.1,19
CUST-1156,Report_Builder,14,15.9,20
CUST-1156,Data_Export,7,7.2,19
CUST-1156,AI_Ask_Analyst,25,35.0,21
CUST-1156,Integrations_Settings,7,10.4,20
CUST-1157,Dashboard,68,72.5,28
CUST-1157,Report_Builder,25,30.8,27
CUST-1157,Data_Export,7,9.9,27
CUST-1157,AI_Ask_Analyst,37,46.1,26
CUST-1157,Integrations_Settings,12,10.9,28
CUST-1158,Dashboard,40,40.9,12
CUST-1158,Report_Builder,13,13.2,12
CUST-1158,Data_Export,5,4.8,14
CUST-1158,AI_Ask_Analyst,11,15.6,13
CUST-1158,Integrations_Settings,9,12.5,12
CUST-1159,Dashboard,48,42.2,19
CUST-1159,Report_Builder,21,22.9,19
CUST-1159,Data_Export,6,7.8,18
CUST-1159,AI_Ask_Analyst,22,24.8,21
CUST-1159,Integrations_Settings,11,13.9,20
CUST-1160,Dashboard,44,46.0,16
CUST-1160,Report_Builder,16,13.9,17
CUST-1160,Data_Export,7,6.0,18
CUST-1160,AI_Ask_Analyst,30,39.5,17
CUST-1160,Integrations_Settings,7,8.9,17
CUST-1161,Dashboard,9,10.1,5
CUST-1161,Report_Builder,8,11.6,3
CUST-1161,Data_Export,3,3.3,3
CUST-1161,AI_Ask_Analyst,11,14.8,6
CUST-1161,Integrations_Settings,2,1.9,4
CUST-1162,Dashboard,28,30.9,18
CUST-1162,Report_Builder,30,40.9,18
CUST-1162,Data_Export,9,11.3,17
CUST-1162,AI_Ask_Analyst,18,26.9,15
CUST-1162,Integrations_Settings,6,5.8,15
CUST-1163,Dashboard,20,30.0,5
CUST-1163,Report_Builder,3,2.9,6
CUST-1163,Data_Export,3,3.8,3
CUST-1163,AI_Ask_Analyst,7,8.2,6
CUST-1163,Integrations_Settings,1,1.3,4
CUST-1164,Dashboard,52,76.0,29
CUST-1164,Report_Builder,38,44.4,29
CUST-1164,Data_Export,11,15.5,27
CUST-1164,AI_Ask_Analyst,41,46.3,29
CUST-1164,Integrations_Settings,13,12.4,27
CUST-1165,Dashboard,35,44.1,24
CUST-1165,Report_Builder,20,23.3,23
CUST-1165,Data_Export,9,12.0,22
CUST-1165,AI_Ask_Analyst,25,35.5,23
CUST-1165,Integrations_Settings,9,9.2,24
CUST-1166,Dashboard,22,25.3,9
CUST-1166,Report_Builder,15,20.0,8
CUST-1166,Data_Export,3,4.0,11
CUST-1166,AI_Ask_Analyst,10,12.5,10
CUST-1166,Integrations_Settings,3,2.9,10
CUST-1167,Dashboard,44,64.3,18
CUST-1167,Report_Builder,14,16.2,18
CUST-1167,Data_Export,4,4.7,19
CUST-1167,AI_Ask_Analyst,20,20.2,18
CUST-1167,Integrations_Settings,8,11.4,20
CUST-1168,Dashboard,37,52.1,18
CUST-1168,Report_Builder,23,28.1,20
CUST-1168,Data_Export,7,6.9,18
CUST-1168,AI_Ask_Analyst,25,24.4,20
CUST-1168,Integrations_Settings,4,5.1,17
CUST-1169,Dashboard,34,29.1,19
CUST-1169,Report_Builder,17,17.8,17
CUST-1169,Data_Export,3,2.6,17
CUST-1169,AI_Ask_Analyst,20,26.6,19
CUST-1169,Integrations_Settings,9,9.3,20
CUST-1170,Dashboard,40,45.8,27
CUST-1170,Report_Builder,28,35.2,26
CUST-1170,Data_Export,9,12.2,25
CUST-1170,AI_Ask_Analyst,26,34.8,26
CUST-1170,Integrations_Settings,8,9.1,24
CUST-1171,Dashboard,41,54.1,22
CUST-1171,Report_Builder,28,33.6,25
CUST-1171,Data_Export,7,10.3,24
CUST-1171,AI_Ask_Analyst,41,52.7,24
CUST-1171,Integrations_Settings,8,7.3,22
CUST-1172,Dashboard,33,49.2,18
CUST-1172,Report_Builder,23,22.2,21
CUST-1172,Data_Export,11,13.5,18
CUST-1172,AI_Ask_Analyst,21,22.1,18
CUST-1172,Integrations_Settings,7,6.1,21
CUST-1173,Dashboard,64,59.4,29
CUST-1173,Report_Builder,30,25.3,30
CUST-1173,Data_Export,7,9.0,28
CUST-1173,AI_Ask_Analyst,25,30.0,29
CUST-1173,Integrations_Settings,11,12.8,30
CUST-1174,Dashboard,80,97.4,27
CUST-1174,Report_Builder,27,31.4,28
CUST-1174,Data_Export,10,10.1,26
CUST-1174,AI_Ask_Analyst,29,35.7,28
CUST-1174,Integrations_Settings,12,13.1,28
CUST-1175,Dashboard,37,48.6,17
CUST-1175,Report_Builder,20,20.0,18
CUST-1175,Data_Export,6,4.9,16
CUST-1175,AI_Ask_Analyst,24,21.5,18
CUST-1175,Integrations_Settings,11,11.0,18
CUST-1176,Dashboard,55,53.9,26
CUST-1176,Report_Builder,35,29.0,29
CUST-1176,Data_Export,9,12.5,28
CUST-1176,AI_Ask_Analyst,42,42.2,26
CUST-1176,Integrations_Settings,11,12.6,27
CUST-1177,Dashboard,48,38.7,29
CUST-1177,Report_Builder,26,28.8,29
CUST-1177,Data_Export,13,18.4,30
CUST-1177,AI_Ask_Analyst,42,45.3,27
CUST-1177,Integrations_Settings,7,6.6,27
CUST-1178,Dashboard,30,35.4,16
CUST-1178,Report_Builder,22,28.1,17
CUST-1178,Data_Export,6,7.4,16
CUST-1178,AI_Ask_Analyst,20,26.5,15
CUST-1178,Integrations_Settings,6,7.3,18
CUST-1179,Dashboard,59,58.4,23
CUST-1179,Report_Builder,18,20.7,26
CUST-1179,Data_Export,11,10.6,26
CUST-1179,AI_Ask_Analyst,38,55.6,24
CUST-1179,Integrations_Settings,9,11.2,25
CUST-1180,Dashboard,55,78.4,26
CUST-1180,Report_Builder,31,40.7,24
CUST-1180,Data_Export,5,6.0,23
CUST-1180,AI_Ask_Analyst,31,40.7,25
CUST-1180,Integrations_Settings,2,2.3,23
CUST-1181,Dashboard,12,16.5,4
CUST-1181,Report_Builder,5,7.5,4
CUST-1181,Data_Export,2,2.0,6
CUST-1181,AI_Ask_Analyst,8,8.2,6
CUST-1181,Integrations_Settings,3,3.7,7
CUST-1182,Dashboard,15,17.9,5
CUST-1182,Report_Builder,7,5.8,8
CUST-1182,Data_Export,3,3.1,5
CUST-1182,AI_Ask_Analyst,9,10.2,8
CUST-1182,Integrations_Settings,1,0.9,6
CUST-1183,Dashboard,10,10.2,3
CUST-1183,Report_Builder,8,9.3,3
CUST-1183,Data_Export,2,2.0,5
CUST-1183,AI_Ask_Analyst,7,7.1,2
CUST-1183,Integrations_Settings,2,2.8,4
CUST-1184,Dashboard,34,37.1,11
CUST-1184,Report_Builder,17,22.1,10
CUST-1184,Data_Export,3,2.5,12
CUST-1184,AI_Ask_Analyst,13,12.9,11
CUST-1184,Integrations_Settings,4,6.0,11
CUST-1185,Dashboard,48,42.1,26
CUST-1185,Report_Builder,33,28.6,25
CUST-1185,Data_Export,13,11.6,25
CUST-1185,AI_Ask_Analyst,28,34.1,23
CUST-1185,Integrations_Settings,3,3.3,26
CUST-1186,Dashboard,42,40.9,24
CUST-1186,Report_Builder,27,21.9,27
CUST-1186,Data_Export,9,11.7,24
CUST-1186,AI_Ask_Analyst,29,27.9,25
CUST-1186,Integrations_Settings,7,10.2,25
CUST-1187,Dashboard,38,43.7,18
CUST-1187,Report_Builder,21,20.0,21
CUST-1187,Data_Export,7,9.5,18
CUST-1187,AI_Ask_Analyst,18,23.5,19
CUST-1187,Integrations_Settings,10,8.5,20
CUST-1188,Dashboard,43,46.8,22
CUST-1188,Report_Builder,24,34.8,23
CUST-1188,Data_Export,7,7.8,21
CUST-1188,AI_Ask_Analyst,28,27.0,21
CUST-1188,Integrations_Settings,7,7.1,21
CUST-1189,Dashboard,44,51.0,23
CUST-1189,Report_Builder,24,23.1,23
CUST-1189,Data_Export,7,7.7,26
CUST-1189,AI_Ask_Analyst,29,40.2,25
CUST-1189,Integrations_Settings,7,7.6,24
CUST-1190,Dashboard,36,51.2,18
CUST-1190,Report_Builder,18,19.2,17
CUST-1190,Data_Export,8,9.1,18
CUST-1190,AI_Ask_Analyst,21,21.6,18
CUST-1190,Integrations_Settings,5,5.4,18
CUST-1191,Dashboard,48,63.0,20
CUST-1191,Report_Builder,10,9.7,18
CUST-1191,Data_Export,6,6.1,18
CUST-1191,AI_Ask_Analyst,22,30.9,20
CUST-1191,Integrations_Settings,5,5.6,20
CUST-1192,Dashboard,53,55.7,27
CUST-1192,Report_Builder,15,18.8,24
CUST-1192,Data_Export,9,7.6,26
CUST-1192,AI_Ask_Analyst,28,33.9,27
CUST-1192,Integrations_Settings,5,5.5,25
CUST-1193,Dashboard,47,46.1,26
CUST-1193,Report_Builder,35,31.8,24
CUST-1193,Data_Export,9,12.5,24
CUST-1193,AI_Ask_Analyst,36,35.7,25
CUST-1193,Integrations_Settings,12,16.5,25
CUST-1194,Dashboard,54,74.9,26
CUST-1194,Report_Builder,31,36.1,26
CUST-1194,Data_Export,15,18.7,24
CUST-1194,AI_Ask_Analyst,27,31.7,25
CUST-1194,Integrations_Settings,7,9.9,25
CUST-1195,Dashboard,40,51.8,20
CUST-1195,Report_Builder,23,24.8,19
CUST-1195,Data_Export,8,6.5,20
CUST-1195,AI_Ask_Analyst,23,27.6,19
CUST-1195,Integrations_Settings,5,6.6,19
CUST-1196,Dashboard,56,57.1,27
CUST-1196,Report_Builder,34,48.5,30
CUST-1196,Data_Export,13,18.4,28
CUST-1196,AI_Ask_Analyst,34,40.6,28
CUST-1196,Integrations_Settings,11,9.4,27
CUST-1197,Dashboard,50,48.7,21
CUST-1197,Report_Builder,24,27.5,21
CUST-1197,Data_Export,6,7.9,20
CUST-1197,AI_Ask_Analyst,23,26.9,21
CUST-1197,Integrations_Settings,6,8.3,23
CUST-1198,Dashboard,28,34.3,14
CUST-1198,Report_Builder,16,14.3,16
CUST-1198,Data_Export,7,10.3,15
CUST-1198,AI_Ask_Analyst,14,18.9,16
CUST-1198,Integrations_Settings,6,7.8,17
CUST-1199,Dashboard,43,51.6,26
CUST-1199,Report_Builder,20,22.7,26
CUST-1199,Data_Export,7,6.8,26
CUST-1199,AI_Ask_Analyst,36,34.7,26
CUST-1199,Integrations_Settings,4,3.8,25
CUST-1200,Dashboard,37,35.8,18
CUST-1200,Report_Builder,18,14.6,19
CUST-1200,Data_Export,7,5.9,19
CUST-1200,AI_Ask_Analyst,18,24.1,18
CUST-1200,Integrations_Settings,3,2.8,21
CUST-1201,Dashboard,31,40.7,12
CUST-1201,Report_Builder,11,11.2,12
CUST-1201,Data_Export,5,4.6,9
CUST-1201,AI_Ask_Analyst,13,15.8,10
CUST-1201,Integrations_Settings,0,0.0,11
CUST-1202,Dashboard,42,36.4,19
CUST-1202,Report_Builder,15,13.1,17
CUST-1202,Data_Export,4,4.1,16
CUST-1202,AI_Ask_Analyst,21,17.4,18
CUST-1202,Integrations_Settings,7,10.4,16
CUST-1203,Dashboard,43,49.4,23
CUST-1203,Report_Builder,27,37.0,23
CUST-1203,Data_Export,10,8.2,21
CUST-1203,AI_Ask_Analyst,28,29.0,21
CUST-1203,Integrations_Settings,10,8.7,21
CUST-1204,Dashboard,25,20.5,9
CUST-1204,Report_Builder,12,10.6,9
CUST-1204,Data_Export,2,2.2,11
CUST-1204,AI_Ask_Analyst,16,23.4,12
CUST-1204,Integrations_Settings,5,6.4,12
CUST-1205,Dashboard,45,42.6,20
CUST-1205,Report_Builder,28,37.0,21
CUST-1205,Data_Export,6,7.4,21
CUST-1205,AI_Ask_Analyst,33,30.6,22
CUST-1205,Integrations_Settings,5,5.5,23
CUST-1206,Dashboard,46,47.0,23
CUST-1206,Report_Builder,30,35.1,21
CUST-1206,Data_Export,9,8.2,24
CUST-1206,AI_Ask_Analyst,32,37.7,22
CUST-1206,Integrations_Settings,8,7.8,24
CUST-1207,Dashboard,40,40.2,19
CUST-1207,Report_Builder,12,10.4,18
CUST-1207,Data_Export,5,6.8,16
CUST-1207,AI_Ask_Analyst,23,27.8,17
CUST-1207,Integrations_Settings,5,5.8,19
CUST-1208,Dashboard,15,12.5,9
CUST-1208,Report_Builder,10,8.0,9
CUST-1208,Data_Export,1,1.2,9
CUST-1208,AI_Ask_Analyst,8,8.8,6
CUST-1208,Integrations_Settings,1,1.2,8
CUST-1209,Dashboard,38,31.8,26
CUST-1209,Report_Builder,24,30.8,24
CUST-1209,Data_Export,15,17.6,24
CUST-1209,AI_Ask_Analyst,31,31.2,24
CUST-1209,Integrations_Settings,3,4.3,25
CUST-1210,Dashboard,60,75.3,25
CUST-1210,Report_Builder,21,24.0,28
CUST-1210,Data_Export,5,4.8,28
CUST-1210,AI_Ask_Analyst,25,35.7,25
CUST-1210,Integrations_Settings,17,25.2,28
CUST-1211,Dashboard,55,44.9,28
CUST-1211,Report_Builder,27,26.9,27
CUST-1211,Data_Export,12,16.2,26
CUST-1211,AI_Ask_Analyst,37,37.1,26
CUST-1211,Integrations_Settings,15,21.0,28
CUST-1212,Dashboard,38,55.8,20
CUST-1212,Report_Builder,18,16.5,22
CUST-1212,Data_Export,4,4.4,22
CUST-1212,AI_Ask_Analyst,25,37.0,21
CUST-1212,Integrations_Settings,5,7.1,22
CUST-1213,Dashboard,14,19.2,4
CUST-1213,Report_Builder,7,10.1,3
CUST-1213,Data_Export,1,0.9,4
CUST-1213,AI_Ask_Analyst,9,10.6,4
CUST-1213,Integrations_Settings,2,2.9,3
CUST-1214,Dashboard,38,37.5,20
CUST-1214,Report_Builder,18,18.1,21
CUST-1214,Data_Export,11,11.9,20
CUST-1214,AI_Ask_Analyst,27,39.1,18
CUST-1214,Integrations_Settings,10,12.5,21
CUST-1215,Dashboard,43,47.1,22
CUST-1215,Report_Builder,16,23.4,24
CUST-1215,Data_Export,13,12.6,21
CUST-1215,AI_Ask_Analyst,25,34.0,22
CUST-1215,Integrations_Settings,12,16.1,22
CUST-1216,Dashboard,36,38.2,18
CUST-1216,Report_Builder,20,21.5,19
CUST-1216,Data_Export,8,7.8,19
CUST-1216,AI_Ask_Analyst,16,18.5,20
CUST-1216,Integrations_Settings,4,4.7,18
CUST-1217,Dashboard,54,58.9,27
CUST-1217,Report_Builder,19,17.7,29
CUST-1217,Data_Export,10,10.4,27
CUST-1217,AI_Ask_Analyst,32,31.5,26
CUST-1217,Integrations_Settings,12,15.0,29
CUST-1218,Dashboard,34,37.4,18
CUST-1218,Report_Builder,24,19.7,20
CUST-1218,Data_Export,9,9.4,20
CUST-1218,AI_Ask_Analyst,22,30.0,20
CUST-1218,Integrations_Settings,5,6.1,20
CUST-1219,Dashboard,8,7.7,4
CUST-1219,Report_Builder,4,3.5,5
CUST-1219,Data_Export,3,3.2,6
CUST-1219,AI_Ask_Analyst,4,5.1,7
CUST-1219,Integrations_Settings,1,1.2,4
CUST-1220,Dashboard,42,45.3,16
CUST-1220,Report_Builder,18,21.1,17
CUST-1220,Data_Export,5,7.0,17
CUST-1220,AI_Ask_Analyst,17,19.0,18
CUST-1220,Integrations_Settings,6,7.8,19
CUST-1221,Dashboard,42,48.3,22
CUST-1221,Report_Builder,16,21.4,24
CUST-1221,Data_Export,7,8.9,23
CUST-1221,AI_Ask_Analyst,27,28.1,21
CUST-1221,Integrations_Settings,7,10.3,23
CUST-1222,Dashboard,68,85.4,27
CUST-1222,Report_Builder,29,35.0,29
CUST-1222,Data_Export,10,11.6,29
CUST-1222,AI_Ask_Analyst,39,39.2,30
CUST-1222,Integrations_Settings,16,19.2,28
CUST-1223,Dashboard,47,40.3,24
CUST-1223,Report_Builder,25,20.8,21
CUST-1223,Data_Export,10,13.8,22
CUST-1223,AI_Ask_Analyst,31,39.9,23
CUST-1223,Integrations_Settings,9,12.2,23
CUST-1224,Dashboard,41,49.6,21
CUST-1224,Report_Builder,22,17.7,21
CUST-1224,Data_Export,7,6.3,20
CUST-1224,AI_Ask_Analyst,28,25.5,21
CUST-1224,Integrations_Settings,13,15.1,23
CUST-1225,Dashboard,52,45.6,23
CUST-1225,Report_Builder,30,36.5,25
CUST-1225,Data_Export,8,10.9,26
CUST-1225,AI_Ask_Analyst,39,39.8,25
CUST-1225,Integrations_Settings,10,9.2,24
CUST-1226,Dashboard,60,61.6,28
CUST-1226,Report_Builder,30,31.2,28
CUST-1226,Data_Export,8,8.9,28
CUST-1226,AI_Ask_Analyst,43,40.0,28
CUST-1226,Integrations_Settings,5,6.1,27
CUST-1227,Dashboard,52,47.7,28
CUST-1227,Report_Builder,24,30.0,28
CUST-1227,Data_Export,8,10.7,26
CUST-1227,AI_Ask_Analyst,35,45.1,26
CUST-1227,Integrations_Settings,10,12.5,28
CUST-1228,Dashboard,50,50.4,27
CUST-1228,Report_Builder,38,40.3,27
CUST-1228,Data_Export,13,10.9,24
CUST-1228,AI_Ask_Analyst,24,29.6,25
CUST-1228,Integrations_Settings,9,13.5,24
CUST-1229,Dashboard,34,33.0,26
CUST-1229,Report_Builder,32,41.7,27
CUST-1229,Data_Export,14,12.3,25
CUST-1229,AI_Ask_Analyst,29,42.5,25
CUST-1229,Integrations_Settings,16,20.2,27
CUST-1230,Dashboard,28,26.4,12
CUST-1230,Report_Builder,15,19.7,10
CUST-1230,Data_Export,5,5.7,13
CUST-1230,AI_Ask_Analyst,20,22.3,10
CUST-1230,Integrations_Settings,5,6.5,11
CUST-1231,Dashboard,32,43.5,16
CUST-1231,Report_Builder,14,20.4,15
CUST-1231,Data_Export,5,6.3,17
CUST-1231,AI_Ask_Analyst,21,30.0,15
CUST-1231,Integrations_Settings,12,16.3,17
CUST-1232,Dashboard,54,50.7,24
CUST-1232,Report_Builder,28,32.4,24
CUST-1232,Data_Export,9,11.4,24
CUST-1232,AI_Ask_Analyst,33,48.0,25
CUST-1232,Integrations_Settings,9,7.7,24
CUST-1233,Dashboard,28,34.0,14
CUST-1233,Report_Builder,14,15.4,13
CUST-1233,Data_Export,5,5.1,11
CUST-1233,AI_Ask_Analyst,16,18.1,13
CUST-1233,Integrations_Settings,5,5.9,11
CUST-1234,Dashboard,41,33.5,29
CUST-1234,Report_Builder,25,24.3,27
CUST-1234,Data_Export,6,7.3,26
CUST-1234,AI_Ask_Analyst,31,34.6,28
CUST-1234,Integrations_Settings,9,9.6,26
CUST-1235,Dashboard,31,41.2,20
CUST-1235,Report_Builder,19,20.1,19
CUST-1235,Data_Export,4,5.6,20
CUST-1235,AI_Ask_Analyst,28,40.3,21
CUST-1235,Integrations_Settings,10,14.9,21
CUST-1236,Dashboard,33,38.1,20
CUST-1236,Report_Builder,18,24.0,20
CUST-1236,Data_Export,6,6.4,18
CUST-1236,AI_Ask_Analyst,28,41.9,21
CUST-1236,Integrations_Settings,10,11.8,19
CUST-1237,Dashboard,52,65.9,23
CUST-1237,Report_Builder,36,35.5,25
CUST-1237,Data_Export,8,8.3,26
CUST-1237,AI_Ask_Analyst,35,41.6,23
CUST-1237,Integrations_Settings,12,17.2,25
CUST-1238,Dashboard,37,41.0,14
CUST-1238,Report_Builder,11,14.4,17
CUST-1238,Data_Export,9,12.6,14
CUST-1238,AI_Ask_Analyst,19,22.7,17
CUST-1238,Integrations_Settings,5,7.0,14
CUST-1239,Dashboard,49,58.0,26
CUST-1239,Report_Builder,23,26.5,28
CUST-1239,Data_Export,14,17.2,29
CUST-1239,AI_Ask_Analyst,41,34.2,26
CUST-1239,Integrations_Settings,14,16.7,28
CUST-1240,Dashboard,39,39.3,18
CUST-1240,Report_Builder,23,19.2,20
CUST-1240,Data_Export,9,7.3,18
CUST-1240,AI_Ask_Analyst,19,20.5,20
CUST-1240,Integrations_Settings,6,5.6,19
CUST-1241,Dashboard,26,21.8,16
CUST-1241,Report_Builder,12,10.2,18
CUST-1241,Data_Export,3,2.8,17
CUST-1241,AI_Ask_Analyst,24,35.1,16
CUST-1241,Integrations_Settings,9,10.8,19
CUST-1242,Dashboard,29,37.7,15
CUST-1242,Report_Builder,15,12.7,15
CUST-1242,Data_Export,5,5.6,17
CUST-1242,AI_Ask_Analyst,18,18.9,14
CUST-1242,Integrations_Settings,6,7.9,17
CUST-1243,Dashboard,28,36.4,12
CUST-1243,Report_Builder,21,22.1,13
CUST-1243,Data_Export,4,5.0,14
CUST-1243,AI_Ask_Analyst,24,21.0,14
CUST-1243,Integrations_Settings,2,2.7,13
CUST-1244,Dashboard,53,49.3,26
CUST-1244,Report_Builder,25,25.2,25
CUST-1244,Data_Export,12,13.5,25
CUST-1244,AI_Ask_Analyst,33,48.5,26
CUST-1244,Integrations_Settings,11,9.4,26
CUST-1245,Dashboard,17,22.3,10
CUST-1245,Report_Builder,18,25.0,12
CUST-1245,Data_Export,1,1.3,9
CUST-1245,AI_Ask_Analyst,10,10.4,12
CUST-1245,Integrations_Settings,1,1.1,11
CUST-1246,Dashboard,49,71.7,16
CUST-1246,Report_Builder,14,13.9,16
CUST-1246,Data_Export,7,8.6,16
CUST-1246,AI_Ask_Analyst,27,27.5,15
CUST-1246,Integrations_Settings,2,2.1,16
CUST-1247,Dashboard,49,47.9,22
CUST-1247,Report_Builder,18,21.3,20
CUST-1247,Data_Export,3,3.5,23
CUST-1247,AI_Ask_Analyst,25,28.9,23
CUST-1247,Integrations_Settings,6,5.6,23
CUST-1248,Dashboard,33,41.5,18
CUST-1248,Report_Builder,25,24.3,20
CUST-1248,Data_Export,11,9.4,21
CUST-1248,AI_Ask_Analyst,33,39.4,20
CUST-1248,Integrations_Settings,6,7.6,20
CUST-1249,Dashboard,44,63.5,23
CUST-1249,Report_Builder,24,27.3,22
CUST-1249,Data_Export,11,14.2,25
CUST-1249,AI_Ask_Analyst,25,34.3,22
CUST-1249,Integrations_Settings,8,9.6,23
CUST-1250,Dashboard,48,43.8,20
CUST-1250,Report_Builder,21,24.3,22
CUST-1250,Data_Export,7,7.0,21
CUST-1250,AI_Ask_Analyst,24,23.8,22
CUST-1250,Integrations_Settings,13,12.0,21
CUST-1251,Dashboard,17,16.2,6
CUST-1251,Report_Builder,6,7.8,7
CUST-1251,Data_Export,3,2.7,9
CUST-1251,AI_Ask_Analyst,14,13.0,9
CUST-1251,Integrations_Settings,3,4.2,8
CUST-1252,Dashboard,38,30.9,18
CUST-1252,Report_Builder,17,18.7,19
CUST-1252,Data_Export,6,8.7,16
CUST-1252,AI_Ask_Analyst,25,33.6,18
CUST-1252,Integrations_Settings,7,10.4,16
CUST-1253,Dashboard,16,22.0,7
CUST-1253,Report_Builder,8,9.4,6
CUST-1253,Data_Export,0,0.0,7
CUST-1253,AI_Ask_Analyst,9,8.8,4
CUST-1253,Integrations_Settings,1,1.1,7
CUST-1254,Dashboard,60,75.1,29
CUST-1254,Report_Builder,22,29.6,30
CUST-1254,Data_Export,11,14.5,28
CUST-1254,AI_Ask_Analyst,38,37.3,30
CUST-1254,Integrations_Settings,15,20.2,28
CUST-1255,Dashboard,66,53.8,27
CUST-1255,Report_Builder,26,32.4,27
CUST-1255,Data_Export,15,22.4,26
CUST-1255,AI_Ask_Analyst,40,47.0,29
CUST-1255,Integrations_Settings,9,8.8,29
CUST-1256,Dashboard,48,68.3,29
CUST-1256,Report_Builder,27,40.4,29
CUST-1256,Data_Export,13,14.1,27
CUST-1256,AI_Ask_Analyst,27,21.7,30
CUST-1256,Integrations_Settings,15,12.8,30
CUST-1257,Dashboard,55,59.4,28
CUST-1257,Report_Builder,30,40.9,29
CUST-1257,Data_Export,13,13.4,30
CUST-1257,AI_Ask_Analyst,47,47.0,29
CUST-1257,Integrations_Settings,13,12.0,30
CUST-1258,Dashboard,34,36.1,20
CUST-1258,Report_Builder,26,35.8,21
CUST-1258,Data_Export,9,12.3,23
CUST-1258,AI_Ask_Analyst,32,47.3,20
CUST-1258,Integrations_Settings,4,3.6,20
CUST-1259,Dashboard,46,67.8,15
CUST-1259,Report_Builder,24,29.4,15
CUST-1259,Data_Export,7,8.2,15
CUST-1259,AI_Ask_Analyst,22,24.5,17
CUST-1259,Integrations_Settings,10,13.8,16
CUST-1260,Dashboard,62,50.1,25
CUST-1260,Report_Builder,15,16.5,25
CUST-1260,Data_Export,8,10.6,22
CUST-1260,AI_Ask_Analyst,35,52.0,23
CUST-1260,Integrations_Settings,9,13.3,23
CUST-1261,Dashboard,23,32.0,6
CUST-1261,Report_Builder,12,16.5,5
CUST-1261,Data_Export,5,6.5,5
CUST-1261,AI_Ask_Analyst,8,10.0,8
CUST-1261,Integrations_Settings,1,1.3,5
CUST-1262,Dashboard,51,58.8,20
CUST-1262,Report_Builder,19,20.9,19
CUST-1262,Data_Export,4,5.3,20
CUST-1262,AI_Ask_Analyst,28,33.8,20
CUST-1262,Integrations_Settings,7,7.0,19
CUST-1263,Dashboard,40,59.8,14
CUST-1263,Report_Builder,13,17.4,16
CUST-1263,Data_Export,2,2.5,14
CUST-1263,AI_Ask_Analyst,25,35.8,14
CUST-1263,Integrations_Settings,6,7.9,16
CUST-1264,Dashboard,37,33.4,15
CUST-1264,Report_Builder,13,13.5,17
CUST-1264,Data_Export,5,5.9,17
CUST-1264,AI_Ask_Analyst,25,27.3,16
CUST-1264,Integrations_Settings,6,8.4,16
CUST-1265,Dashboard,32,31.6,17
CUST-1265,Report_Builder,21,20.6,16
CUST-1265,Data_Export,5,6.2,17
CUST-1265,AI_Ask_Analyst,17,20.9,19
CUST-1265,Integrations_Settings,5,7.0,17
CUST-1266,Dashboard,40,48.8,21
CUST-1266,Report_Builder,19,16.6,20
CUST-1266,Data_Export,2,1.8,21
CUST-1266,AI_Ask_Analyst,28,28.4,18
CUST-1266,Integrations_Settings,12,16.3,18
CUST-1267,Dashboard,34,37.5,17
CUST-1267,Report_Builder,24,29.6,20
CUST-1267,Data_Export,7,5.7,17
CUST-1267,AI_Ask_Analyst,24,22.3,17
CUST-1267,Integrations_Settings,9,8.1,19
CUST-1268,Dashboard,65,58.2,26
CUST-1268,Report_Builder,30,33.7,28
CUST-1268,Data_Export,7,8.2,27
CUST-1268,AI_Ask_Analyst,29,31.9,28
CUST-1268,Integrations_Settings,7,6.4,28
CUST-1269,Dashboard,56,78.2,28
CUST-1269,Report_Builder,21,30.1,28
CUST-1269,Data_Export,13,11.9,26
CUST-1269,AI_Ask_Analyst,26,34.0,29
CUST-1269,Integrations_Settings,12,15.2,27
CUST-1270,Dashboard,40,46.4,21
CUST-1270,Report_Builder,25,27.9,24
CUST-1270,Data_Export,11,14.9,21
CUST-1270,AI_Ask_Analyst,32,45.6,22
CUST-1270,Integrations_Settings,9,9.2,22
CUST-1271,Dashboard,48,64.6,19
CUST-1271,Report_Builder,20,27.6,18
CUST-1271,Data_Export,12,17.0,20
CUST-1271,AI_Ask_Analyst,28,41.6,21
CUST-1271,Integrations_Settings,7,9.1,18
CUST-1272,Dashboard,55,79.0,21
CUST-1272,Report_Builder,21,30.2,23
CUST-1272,Data_Export,7,6.8,21
CUST-1272,AI_Ask_Analyst,27,40.0,21
CUST-1272,Integrations_Settings,8,10.8,21
CUST-1273,Dashboard,47,61.9,24
CUST-1273,Report_Builder,19,27.2,25
CUST-1273,Data_Export,6,8.0,24
CUST-1273,AI_Ask_Analyst,31,41.9,25
CUST-1273,Integrations_Settings,9,9.3,27
CUST-1274,Dashboard,13,18.6,4
CUST-1274,Report_Builder,4,3.9,6
CUST-1274,Data_Export,4,5.7,6
CUST-1274,AI_Ask_Analyst,10,10.8,7
CUST-1274,Integrations_Settings,2,2.0,7
CUST-1275,Dashboard,32,34.5,15
CUST-1275,Report_Builder,14,17.2,16
CUST-1275,Data_Export,6,6.4,16
CUST-1275,AI_Ask_Analyst,20,18.6,15
CUST-1275,Integrations_Settings,7,7.1,16
CUST-1276,Dashboard,27,30.5,17
CUST-1276,Report_Builder,21,22.5,17
CUST-1276,Data_Export,15,20.6,17
CUST-1276,AI_Ask_Analyst,20,24.1,16
CUST-1276,Integrations_Settings,9,10.5,17
CUST-1277,Dashboard,50,63.9,23
CUST-1277,Report_Builder,27,27.2,25
CUST-1277,Data_Export,9,12.3,22
CUST-1277,AI_Ask_Analyst,27,21.8,25
CUST-1277,Integrations_Settings,10,8.4,22
CUST-1278,Dashboard,14,16.2,8
CUST-1278,Report_Builder,6,6.2,5
CUST-1278,Data_Export,6,6.5,6
CUST-1278,AI_Ask_Analyst,11,16.2,7
CUST-1278,Integrations_Settings,1,1.2,8
CUST-1279,Dashboard,29,29.7,18
CUST-1279,Report_Builder,15,16.6,19
CUST-1279,Data_Export,4,5.2,16
CUST-1279,AI_Ask_Analyst,15,12.5,16
CUST-1279,Integrations_Settings,7,6.7,19
CUST-1280,Dashboard,71,97.7,28
CUST-1280,Report_Builder,28,22.6,30
CUST-1280,Data_Export,11,9.4,29
CUST-1280,AI_Ask_Analyst,32,36.4,30
CUST-1280,Integrations_Settings,12,11.7,29
CUST-1281,Dashboard,34,28.5,21
CUST-1281,Report_Builder,16,20.2,18
CUST-1281,Data_Export,8,11.6,18
CUST-1281,AI_Ask_Analyst,24,34.8,21
CUST-1281,Integrations_Settings,4,4.8,21
CUST-1282,Dashboard,41,38.8,16
CUST-1282,Report_Builder,18,19.5,18
CUST-1282,Data_Export,11,9.4,15
CUST-1282,AI_Ask_Analyst,21,31.3,17
CUST-1282,Integrations_Settings,11,15.6,16
CUST-1283,Dashboard,45,56.5,19
CUST-1283,Report_Builder,17,14.8,21
CUST-1283,Data_Export,7,10.3,19
CUST-1283,AI_Ask_Analyst,25,24.3,19
CUST-1283,Integrations_Settings,7,6.2,20
CUST-1284,Dashboard,48,50.9,23
CUST-1284,Report_Builder,20,21.2,24
CUST-1284,Data_Export,9,9.0,25
CUST-1284,AI_Ask_Analyst,31,45.4,23
CUST-1284,Integrations_Settings,12,12.7,24
CUST-1285,Dashboard,42,37.9,19
CUST-1285,Report_Builder,16,21.5,20
CUST-1285,Data_Export,5,5.8,22
CUST-1285,AI_Ask_Analyst,25,29.8,19
CUST-1285,Integrations_Settings,5,4.7,19
CUST-1286,Dashboard,38,36.4,20
CUST-1286,Report_Builder,17,15.0,19
CUST-1286,Data_Export,7,7.1,21
CUST-1286,AI_Ask_Analyst,19,21.8,19
CUST-1286,Integrations_Settings,6,7.8,19
CUST-1287,Dashboard,51,54.3,26
CUST-1287,Report_Builder,19,19.7,24
CUST-1287,Data_Export,9,8.2,26
CUST-1287,AI_Ask_Analyst,37,46.3,24
CUST-1287,Integrations_Settings,10,8.7,23
CUST-1288,Dashboard,62,50.7,29
CUST-1288,Report_Builder,23,34.0,29
CUST-1288,Data_Export,6,5.9,28
CUST-1288,AI_Ask_Analyst,42,50.3,28
CUST-1288,Integrations_Settings,12,16.8,27
CUST-1289,Dashboard,40,47.4,16
CUST-1289,Report_Builder,23,32.7,16
CUST-1289,Data_Export,7,9.3,18
CUST-1289,AI_Ask_Analyst,27,39.5,15
CUST-1289,Integrations_Settings,5,6.3,18
CUST-1290,Dashboard,56,69.2,28
CUST-1290,Report_Builder,34,47.0,30
CUST-1290,Data_Export,10,10.7,30
CUST-1290,AI_Ask_Analyst,31,41.2,30
CUST-1290,Integrations_Settings,9,7.7,28
CUST-1291,Dashboard,38,52.8,24
CUST-1291,Report_Builder,24,20.3,24
CUST-1291,Data_Export,11,10.2,21
CUST-1291,AI_Ask_Analyst,31,44.1,22
CUST-1291,Integrations_Settings,8,9.1,24
CUST-1292,Dashboard,42,46.0,23
CUST-1292,Report_Builder,20,16.4,24
CUST-1292,Data_Export,6,4.9,23
CUST-1292,AI_Ask_Analyst,25,36.9,24
CUST-1292,Integrations_Settings,8,6.9,24
CUST-1293,Dashboard,49,67.7,28
CUST-1293,Report_Builder,26,29.6,29
CUST-1293,Data_Export,17,15.7,28
CUST-1293,AI_Ask_Analyst,37,34.6,29
CUST-1293,Integrations_Settings,10,9.1,30
CUST-1294,Dashboard,52,75.7,24
CUST-1294,Report_Builder,21,20.5,22
CUST-1294,Data_Export,6,8.5,21
CUST-1294,AI_Ask_Analyst,35,44.9,23
CUST-1294,Integrations_Settings,11,16.1,23
CUST-1295,Dashboard,56,83.8,23
CUST-1295,Report_Builder,24,35.3,23
CUST-1295,Data_Export,7,8.9,21
CUST-1295,AI_Ask_Analyst,29,34.7,21
CUST-1295,Integrations_Settings,5,5.5,24
CUST-1296,Dashboard,37,53.5,17
CUST-1296,Report_Builder,14,20.4,17
CUST-1296,Data_Export,4,3.3,15
CUST-1296,AI_Ask_Analyst,22,19.6,16
CUST-1296,Integrations_Settings,7,9.6,15
CUST-1297,Dashboard,55,47.2,26
CUST-1297,Report_Builder,26,25.7,27
CUST-1297,Data_Export,8,7.3,26
CUST-1297,AI_Ask_Analyst,30,39.1,27
CUST-1297,Integrations_Settings,12,10.1,27
CUST-1298,Dashboard,12,16.0,5
CUST-1298,Report_Builder,7,9.8,7
CUST-1298,Data_Export,6,7.9,7
CUST-1298,AI_Ask_Analyst,14,13.7,6
CUST-1298,Integrations_Settings,6,7.6,6
CUST-1299,Dashboard,30,40.4,17
CUST-1299,Report_Builder,17,23.5,19
CUST-1299,Data_Export,4,4.8,18
CUST-1299,AI_Ask_Analyst,21,17.7,17
CUST-1299,Integrations_Settings,5,6.0,18
CUST-1300,Dashboard,48,71.2,21
CUST-1300,Report_Builder,18,16.9,24
CUST-1300,Data_Export,10,12.4,21
CUST-1300,AI_Ask_Analyst,24,31.6,21
CUST-1300,Integrations_Settings,10,10.7,21
CUST-1301,Dashboard,28,27.8,18
CUST-1301,Report_Builder,22,24.3,15
CUST-1301,Data_Export,7,7.1,18
CUST-1301,AI_Ask_Analyst,31,34.4,16
CUST-1301,Integrations_Settings,5,5.6,16
CUST-1302,Dashboard,38,36.5,17
CUST-1302,Report_Builder,20,25.4,17
CUST-1302,Data_Export,11,11.7,17
CUST-1302,AI_Ask_Analyst,23,31.6,19
CUST-1302,Integrations_Settings,9,10.7,20
CUST-1303,Dashboard,42,46.4,24
CUST-1303,Report_Builder,25,33.3,23
CUST-1303,Data_Export,7,8.6,24
CUST-1303,AI_Ask_Analyst,31,36.8,24
CUST-1303,Integrations_Settings,8,10.5,24
CUST-1304,Dashboard,71,92.0,25
CUST-1304,Report_Builder,32,32.3,28
CUST-1304,Data_Export,13,14.5,25
CUST-1304,AI_Ask_Analyst,36,50.5,27
CUST-1304,Integrations_Settings,7,10.2,26
CUST-1305,Dashboard,40,53.5,17
CUST-1305,Report_Builder,22,26.3,19
CUST-1305,Data_Export,9,10.0,16
CUST-1305,AI_Ask_Analyst,22,21.8,18
CUST-1305,Integrations_Settings,5,4.1,17
CUST-1306,Dashboard,33,35.0,17
CUST-1306,Report_Builder,25,29.8,15
CUST-1306,Data_Export,10,9.4,16
CUST-1306,AI_Ask_Analyst,19,15.4,16
CUST-1306,Integrations_Settings,6,5.5,17
CUST-1307,Dashboard,38,49.9,17
CUST-1307,Report_Builder,15,13.5,18
CUST-1307,Data_Export,8,10.8,16
CUST-1307,AI_Ask_Analyst,13,14.2,18
CUST-1307,Integrations_Settings,8,6.8,18
CUST-1308,Dashboard,25,20.1,15
CUST-1308,Report_Builder,16,21.9,15
CUST-1308,Data_Export,10,11.4,18
CUST-1308,AI_Ask_Analyst,24,31.9,17
CUST-1308,Integrations_Settings,4,6.0,18
CUST-1309,Dashboard,43,48.5,21
CUST-1309,Report_Builder,29,24.8,21
CUST-1309,Data_Export,12,13.0,21
CUST-1309,AI_Ask_Analyst,32,44.2,23
CUST-1309,Integrations_Settings,10,14.8,21
CUST-1310,Dashboard,62,73.3,25
CUST-1310,Report_Builder,27,30.3,25
CUST-1310,Data_Export,12,14.2,28
CUST-1310,AI_Ask_Analyst,34,42.0,27
CUST-1310,Integrations_Settings,11,11.7,28
CUST-1311,Dashboard,30,40.9,16
CUST-1311,Report_Builder,21,26.9,16
CUST-1311,Data_Export,9,8.0,16
CUST-1311,AI_Ask_Analyst,17,23.7,19
CUST-1311,Integrations_Settings,6,6.7,19
CUST-1312,Dashboard,12,17.5,5
CUST-1312,Report_Builder,10,10.3,4
CUST-1312,Data_Export,3,3.0,6
CUST-1312,AI_Ask_Analyst,9,13.2,5
CUST-1312,Integrations_Settings,2,2.0,6
CUST-1313,Dashboard,39,45.1,21
CUST-1313,Report_Builder,20,27.0,22
CUST-1313,Data_Export,9,13.0,21
CUST-1313,AI_Ask_Analyst,31,41.9,19
CUST-1313,Integrations_Settings,9,9.1,21
CUST-1314,Dashboard,53,62.9,21
CUST-1314,Report_Builder,22,24.7,20
CUST-1314,Data_Export,12,17.9,20
CUST-1314,AI_Ask_Analyst,26,36.9,20
CUST-1314,Integrations_Settings,3,4.1,20
CUST-1315,Dashboard,40,58.6,19
CUST-1315,Report_Builder,28,41.0,20
CUST-1315,Data_Export,8,10.3,19
CUST-1315,AI_Ask_Analyst,29,30.0,19
CUST-1315,Integrations_Settings,8,11.4,21
CUST-1316,Dashboard,29,42.4,12
CUST-1316,Report_Builder,9,11.8,12
CUST-1316,Data_Export,8,7.1,12
CUST-1316,AI_Ask_Analyst,20,21.3,15
CUST-1316,Integrations_Settings,7,7.6,14
CUST-1317,Dashboard,49,65.5,30
CUST-1317,Report_Builder,22,25.2,28
CUST-1317,Data_Export,8,9.5,27
CUST-1317,AI_Ask_Analyst,28,26.5,27
CUST-1317,Integrations_Settings,14,19.8,27
CUST-1318,Dashboard,40,41.0,18
CUST-1318,Report_Builder,19,28.4,19
CUST-1318,Data_Export,1,0.8,19
CUST-1318,AI_Ask_Analyst,29,23.9,19
CUST-1318,Integrations_Settings,9,10.8,18
CUST-1319,Dashboard,45,56.9,20
CUST-1319,Report_Builder,11,9.0,19
CUST-1319,Data_Export,5,4.1,19
CUST-1319,AI_Ask_Analyst,33,33.2,19
CUST-1319,Integrations_Settings,13,17.3,21
CUST-1320,Dashboard,53,57.1,25
CUST-1320,Report_Builder,24,30.4,25
CUST-1320,Data_Export,12,9.9,28
CUST-1320,AI_Ask_Analyst,50,66.5,28
CUST-1320,Integrations_Settings,6,7.0,28
CUST-1321,Dashboard,53,63.6,26
CUST-1321,Report_Builder,38,42.0,28
CUST-1321,Data_Export,6,5.8,27
CUST-1321,AI_Ask_Analyst,21,28.6,27
CUST-1321,Integrations_Settings,8,9.8,26
CUST-1322,Dashboard,41,61.0,17
CUST-1322,Report_Builder,18,26.6,14
CUST-1322,Data_Export,9,12.0,14
CUST-1322,AI_Ask_Analyst,25,28.4,14
CUST-1322,Integrations_Settings,3,3.7,15
CUST-1323,Dashboard,53,60.0,23
CUST-1323,Report_Builder,26,37.8,22
CUST-1323,Data_Export,5,5.6,23
CUST-1323,AI_Ask_Analyst,34,33.0,25
CUST-1323,Integrations_Settings,9,10.7,24
CUST-1324,Dashboard,9,13.3,5
CUST-1324,Report_Builder,6,6.5,5
CUST-1324,Data_Export,7,9.7,5
CUST-1324,AI_Ask_Analyst,9,11.9,8
CUST-1324,Integrations_Settings,1,1.1,8
CUST-1325,Dashboard,45,58.2,19
CUST-1325,Report_Builder,20,17.8,18
CUST-1325,Data_Export,5,4.5,19
CUST-1325,AI_Ask_Analyst,25,36.9,18
CUST-1325,Integrations_Settings,10,10.6,20
CUST-1326,Dashboard,26,29.3,11
CUST-1326,Report_Builder,15,13.1,13
CUST-1326,Data_Export,3,2.8,13
CUST-1326,AI_Ask_Analyst,19,15.6,12
CUST-1326,Integrations_Settings,5,4.8,13
CUST-1327,Dashboard,31,27.6,20
CUST-1327,Report_Builder,27,40.1,21
CUST-1327,Data_Export,11,15.0,22
CUST-1327,AI_Ask_Analyst,25,33.1,22
CUST-1327,Integrations_Settings,7,7.0,22
CUST-1328,Dashboard,53,50.1,21
CUST-1328,Report_Builder,24,32.5,21
CUST-1328,Data_Export,8,10.6,20
CUST-1328,AI_Ask_Analyst,28,30.3,23
CUST-1328,Integrations_Settings,13,11.8,22
CUST-1329,Dashboard,43,56.2,20
CUST-1329,Report_Builder,22,29.4,20
CUST-1329,Data_Export,6,6.7,19
CUST-1329,AI_Ask_Analyst,28,27.2,19
CUST-1329,Integrations_Settings,8,6.6,20
CUST-1330,Dashboard,54,75.2,24
CUST-1330,Report_Builder,29,42.9,24
CUST-1330,Data_Export,10,11.2,22
CUST-1330,AI_Ask_Analyst,23,26.7,24
CUST-1330,Integrations_Settings,8,8.3,22
CUST-1331,Dashboard,56,67.8,28
CUST-1331,Report_Builder,30,33.9,25
CUST-1331,Data_Export,12,17.4,27
CUST-1331,AI_Ask_Analyst,37,37.2,27
CUST-1331,Integrations_Settings,10,13.9,26
CUST-1332,Dashboard,10,14.2,2
CUST-1332,Report_Builder,4,4.6,1
CUST-1332,Data_Export,0,0.0,2
CUST-1332,AI_Ask_Analyst,7,10.0,1
CUST-1332,Integrations_Settings,0,0.0,1
CUST-1333,Dashboard,52,76.9,27
CUST-1333,Report_Builder,31,41.4,27
CUST-1333,Data_Export,12,15.3,25
CUST-1333,AI_Ask_Analyst,30,25.5,25
CUST-1333,Integrations_Settings,8,7.4,24
CUST-1334,Dashboard,29,42.9,16
CUST-1334,Report_Builder,19,25.3,18
CUST-1334,Data_Export,4,3.5,16
CUST-1334,AI_Ask_Analyst,14,11.3,17
CUST-1334,Integrations_Settings,13,17.5,18
CUST-1335,Dashboard,28,37.9,18
CUST-1335,Report_Builder,23,24.7,18
CUST-1335,Data_Export,12,17.1,19
CUST-1335,AI_Ask_Analyst,24,34.2,18
CUST-1335,Integrations_Settings,7,10.4,20
CUST-1336,Dashboard,29,35.7,17
CUST-1336,Report_Builder,16,12.9,18
CUST-1336,Data_Export,3,4.4,17
CUST-1336,AI_Ask_Analyst,14,16.9,18
CUST-1336,Integrations_Settings,8,9.2,18
CUST-1337,Dashboard,43,62.9,23
CUST-1337,Report_Builder,22,20.0,24
CUST-1337,Data_Export,4,4.7,22
CUST-1337,AI_Ask_Analyst,29,39.7,24
CUST-1337,Integrations_Settings,8,10.9,21
CUST-1338,Dashboard,22,18.4,11
CUST-1338,Report_Builder,21,19.2,11
CUST-1338,Data_Export,5,6.0,14
CUST-1338,AI_Ask_Analyst,13,14.5,14
CUST-1338,Integrations_Settings,10,9.1,13
CUST-1339,Dashboard,45,52.8,25
CUST-1339,Report_Builder,24,36.0,26
CUST-1339,Data_Export,7,7.6,23
CUST-1339,AI_Ask_Analyst,23,27.6,23
CUST-1339,Integrations_Settings,13,14.3,23
CUST-1340,Dashboard,53,49.1,25
CUST-1340,Report_Builder,23,26.6,24
CUST-1340,Data_Export,6,8.5,26
CUST-1340,AI_Ask_Analyst,33,44.7,26
CUST-1340,Integrations_Settings,10,9.5,26
CUST-1341,Dashboard,33,36.9,17
CUST-1341,Report_Builder,21,21.7,18
CUST-1341,Data_Export,6,6.4,17
CUST-1341,AI_Ask_Analyst,18,15.2,16
CUST-1341,Integrations_Settings,8,11.0,18
CUST-1342,Dashboard,45,66.9,21
CUST-1342,Report_Builder,21,18.0,20
CUST-1342,Data_Export,10,13.9,21
CUST-1342,AI_Ask_Analyst,34,49.0,22
CUST-1342,Integrations_Settings,1,1.2,21
CUST-1343,Dashboard,50,54.1,28
CUST-1343,Report_Builder,28,36.5,27
CUST-1343,Data_Export,12,14.9,26
CUST-1343,AI_Ask_Analyst,29,35.5,25
CUST-1343,Integrations_Settings,10,13.1,28
CUST-1344,Dashboard,44,55.6,26
CUST-1344,Report_Builder,23,27.8,24
CUST-1344,Data_Export,14,12.4,26
CUST-1344,AI_Ask_Analyst,27,23.5,27
CUST-1344,Integrations_Settings,14,15.4,25
CUST-1345,Dashboard,36,40.7,19
CUST-1345,Report_Builder,19,18.9,19
CUST-1345,Data_Export,8,7.4,17
CUST-1345,AI_Ask_Analyst,19,27.3,16
CUST-1345,Integrations_Settings,10,11.4,16
CUST-1346,Dashboard,35,40.0,16
CUST-1346,Report_Builder,18,15.6,14
CUST-1346,Data_Export,10,9.2,15
CUST-1346,AI_Ask_Analyst,17,20.5,17
CUST-1346,Integrations_Settings,4,5.3,14
CUST-1347,Dashboard,41,44.3,20
CUST-1347,Report_Builder,22,27.7,18
CUST-1347,Data_Export,8,11.2,19
CUST-1347,AI_Ask_Analyst,30,40.0,18
CUST-1347,Integrations_Settings,6,8.4,20
CUST-1348,Dashboard,47,51.7,28
CUST-1348,Report_Builder,29,25.6,28
CUST-1348,Data_Export,17,19.4,28
CUST-1348,AI_Ask_Analyst,39,36.7,28
CUST-1348,Integrations_Settings,15,20.4,28
CUST-1349,Dashboard,62,63.3,30
CUST-1349,Report_Builder,32,28.3,28
CUST-1349,Data_Export,14,16.3,30
CUST-1349,AI_Ask_Analyst,24,20.6,30
CUST-1349,Integrations_Settings,11,9.7,28
CUST-1350,Dashboard,53,50.5,26
CUST-1350,Report_Builder,27,39.8,25
CUST-1350,Data_Export,11,14.6,25
CUST-1350,AI_Ask_Analyst,38,51.5,24
CUST-1350,Integrations_Settings,12,12.6,26
CUST-1351,Dashboard,46,63.2,21
CUST-1351,Report_Builder,22,20.3,20
CUST-1351,Data_Export,5,4.1,20
CUST-1351,AI_Ask_Analyst,33,49.1,22
CUST-1351,Integrations_Settings,10,9.7,20
CUST-1352,Dashboard,38,31.8,27
CUST-1352,Report_Builder,20,28.5,26
CUST-1352,Data_Export,6,5.2,24
CUST-1352,AI_Ask_Analyst,27,33.2,27
CUST-1352,Integrations_Settings,7,7.3,24
CUST-1353,Dashboard,37,40.6,26
CUST-1353,Report_Builder,23,22.8,24
CUST-1353,Data_Export,13,13.5,24
CUST-1353,AI_Ask_Analyst,36,40.6,25
CUST-1353,Integrations_Settings,13,19.2,25
CUST-1354,Dashboard,55,69.7,28
CUST-1354,Report_Builder,25,28.8,27
CUST-1354,Data_Export,11,9.7,27
CUST-1354,AI_Ask_Analyst,31,41.1,27
CUST-1354,Integrations_Settings,11,16.3,29
CUST-1355,Dashboard,48,67.7,25
CUST-1355,Report_Builder,32,45.5,25
CUST-1355,Data_Export,13,18.0,25
CUST-1355,AI_Ask_Analyst,33,38.1,25
CUST-1355,Integrations_Settings,7,7.2,23
CUST-1356,Dashboard,55,64.5,27
CUST-1356,Report_Builder,19,20.1,26
CUST-1356,Data_Export,4,4.0,29
CUST-1356,AI_Ask_Analyst,39,49.8,29
CUST-1356,Integrations_Settings,8,9.4,29
CUST-1357,Dashboard,38,46.4,17
CUST-1357,Report_Builder,24,24.1,18
CUST-1357,Data_Export,7,6.5,19
CUST-1357,AI_Ask_Analyst,14,15.4,18
CUST-1357,Integrations_Settings,8,9.9,19
CUST-1358,Dashboard,35,32.5,22
CUST-1358,Report_Builder,12,16.7,21
CUST-1358,Data_Export,4,5.7,21
CUST-1358,AI_Ask_Analyst,32,46.2,19
CUST-1358,Integrations_Settings,6,8.8,20
CUST-1359,Dashboard,27,38.2,16
CUST-1359,Report_Builder,27,25.0,16
CUST-1359,Data_Export,4,5.3,16
CUST-1359,AI_Ask_Analyst,21,31.2,15
CUST-1359,Integrations_Settings,8,10.2,14
CUST-1360,Dashboard,17,14.8,9
CUST-1360,Report_Builder,13,16.4,7
CUST-1360,Data_Export,4,4.8,9
CUST-1360,AI_Ask_Analyst,11,13.2,8
CUST-1360,Integrations_Settings,4,4.9,9
CUST-1361,Dashboard,18,20.8,11
CUST-1361,Report_Builder,12,11.1,14
CUST-1361,Data_Export,4,3.9,13
CUST-1361,AI_Ask_Analyst,14,15.9,13
CUST-1361,Integrations_Settings,4,4.9,13
CUST-1362,Dashboard,44,40.4,26
CUST-1362,Report_Builder,30,39.9,23
CUST-1362,Data_Export,7,8.7,25
CUST-1362,AI_Ask_Analyst,44,36.6,24
CUST-1362,Integrations_Settings,9,7.6,23
CUST-1363,Dashboard,44,40.5,22
CUST-1363,Report_Builder,23,21.7,21
CUST-1363,Data_Export,6,8.2,22
CUST-1363,AI_Ask_Analyst,24,20.7,22
CUST-1363,Integrations_Settings,9,7.8,22
CUST-1364,Dashboard,7,7.2,2
CUST-1364,Report_Builder,4,5.0,2
CUST-1364,Data_Export,2,2.6,2
CUST-1364,AI_Ask_Analyst,8,6.8,2
CUST-1364,Integrations_Settings,5,6.0,3
CUST-1365,Dashboard,39,57.6,24
CUST-1365,Report_Builder,23,18.5,24
CUST-1365,Data_Export,8,7.6,24
CUST-1365,AI_Ask_Analyst,29,40.2,24
CUST-1365,Integrations_Settings,5,5.0,27
CUST-1366,Dashboard,52,51.4,22
CUST-1366,Report_Builder,25,32.7,23
CUST-1366,Data_Export,11,11.4,24
CUST-1366,AI_Ask_Analyst,22,25.4,24
CUST-1366,Integrations_Settings,6,5.0,24
CUST-1367,Dashboard,47,47.1,26
CUST-1367,Report_Builder,40,52.7,28
CUST-1367,Data_Export,6,8.4,27
CUST-1367,AI_Ask_Analyst,34,37.2,25
CUST-1367,Integrations_Settings,7,7.4,28
CUST-1368,Dashboard,41,60.3,24
CUST-1368,Report_Builder,27,39.5,23
CUST-1368,Data_Export,3,4.4,23
CUST-1368,AI_Ask_Analyst,36,43.2,21
CUST-1368,Integrations_Settings,13,11.3,22
CUST-1369,Dashboard,7,9.2,6
CUST-1369,Report_Builder,5,5.7,3
CUST-1369,Data_Export,4,3.3,3
CUST-1369,AI_Ask_Analyst,7,7.1,6
CUST-1369,Integrations_Settings,4,4.2,4
CUST-1370,Dashboard,42,59.1,17
CUST-1370,Report_Builder,11,14.0,14
CUST-1370,Data_Export,7,8.6,14
CUST-1370,AI_Ask_Analyst,24,29.8,16
CUST-1370,Integrations_Settings,4,4.8,14
CUST-1371,Dashboard,44,64.2,24
CUST-1371,Report_Builder,17,22.3,25
CUST-1371,Data_Export,17,20.9,27
CUST-1371,AI_Ask_Analyst,32,33.3,26
CUST-1371,Integrations_Settings,13,13.0,24
CUST-1372,Dashboard,35,49.3,12
CUST-1372,Report_Builder,18,17.0,13
CUST-1372,Data_Export,5,7.4,14
CUST-1372,AI_Ask_Analyst,18,24.1,12
CUST-1372,Integrations_Settings,9,12.1,15
CUST-1373,Dashboard,36,44.4,19
CUST-1373,Report_Builder,25,22.0,21
CUST-1373,Data_Export,3,3.9,18
CUST-1373,AI_Ask_Analyst,28,32.8,21
CUST-1373,Integrations_Settings,7,6.5,21
CUST-1374,Dashboard,26,36.5,12
CUST-1374,Report_Builder,16,14.0,10
CUST-1374,Data_Export,5,4.9,9
CUST-1374,AI_Ask_Analyst,20,21.7,10
CUST-1374,Integrations_Settings,3,3.8,12
CUST-1375,Dashboard,46,66.8,23
CUST-1375,Report_Builder,20,22.9,22
CUST-1375,Data_Export,8,11.7,21
CUST-1375,AI_Ask_Analyst,21,25.0,23
CUST-1375,Integrations_Settings,6,8.9,20
CUST-1376,Dashboard,55,58.4,28
CUST-1376,Report_Builder,26,21.6,27
CUST-1376,Data_Export,15,21.3,27
CUST-1376,AI_Ask_Analyst,43,38.4,26
CUST-1376,Integrations_Settings,14,14.6,26
CUST-1377,Dashboard,49,70.0,22
CUST-1377,Report_Builder,21,28.0,23
CUST-1377,Data_Export,8,7.8,21
CUST-1377,AI_Ask_Analyst,34,27.9,22
CUST-1377,Integrations_Settings,12,13.0,20
CUST-1378,Dashboard,48,46.4,29
CUST-1378,Report_Builder,17,14.9,27
CUST-1378,Data_Export,11,9.2,28
CUST-1378,AI_Ask_Analyst,38,33.4,27
CUST-1378,Integrations_Settings,10,9.0,28
CUST-1379,Dashboard,47,47.8,23
CUST-1379,Report_Builder,24,24.7,21
CUST-1379,Data_Export,12,14.7,24
CUST-1379,AI_Ask_Analyst,23,20.7,24
CUST-1379,Integrations_Settings,9,9.6,24
CUST-1380,Dashboard,52,65.0,24
CUST-1380,Report_Builder,19,19.0,26
CUST-1380,Data_Export,10,14.1,24
CUST-1380,AI_Ask_Analyst,27,35.7,23
CUST-1380,Integrations_Settings,5,5.3,23
CUST-1381,Dashboard,14,11.7,7
CUST-1381,Report_Builder,8,10.7,6
CUST-1381,Data_Export,4,4.3,7
CUST-1381,AI_Ask_Analyst,11,14.8,5
CUST-1381,Integrations_Settings,2,1.9,8
CUST-1382,Dashboard,42,47.3,24
CUST-1382,Report_Builder,29,26.6,21
CUST-1382,Data_Export,13,18.3,22
CUST-1382,AI_Ask_Analyst,34,43.4,23
CUST-1382,Integrations_Settings,7,6.8,21
CUST-1383,Dashboard,48,70.5,27
CUST-1383,Report_Builder,31,34.9,24
CUST-1383,Data_Export,9,10.5,25
CUST-1383,AI_Ask_Analyst,37,52.4,25
CUST-1383,Integrations_Settings,9,12.4,24
CUST-1384,Dashboard,15,19.3,10
CUST-1384,Report_Builder,13,12.8,10
CUST-1384,Data_Export,3,4.4,11
CUST-1384,AI_Ask_Analyst,15,21.3,9
CUST-1384,Integrations_Settings,2,2.7,11
CUST-1385,Dashboard,54,75.3,27
CUST-1385,Report_Builder,23,26.3,25
CUST-1385,Data_Export,17,18.2,28
CUST-1385,AI_Ask_Analyst,36,41.2,26
CUST-1385,Integrations_Settings,10,12.7,25
CUST-1386,Dashboard,39,51.3,17
CUST-1386,Report_Builder,15,19.6,14
CUST-1386,Data_Export,5,7.4,14
CUST-1386,AI_Ask_Analyst,22,20.8,17
CUST-1386,Integrations_Settings,9,8.8,17
CUST-1387,Dashboard,36,43.1,24
CUST-1387,Report_Builder,25,29.0,25
CUST-1387,Data_Export,10,8.1,25
CUST-1387,AI_Ask_Analyst,34,41.4,27
CUST-1387,Integrations_Settings,10,8.3,24
CUST-1388,Dashboard,53,63.9,23
CUST-1388,Report_Builder,15,20.0,20
CUST-1388,Data_Export,6,7.1,23
CUST-1388,AI_Ask_Analyst,23,23.4,21
CUST-1388,Integrations_Settings,7,6.6,20
CUST-1389,Dashboard,62,91.2,27
CUST-1389,Report_Builder,29,43.5,28
CUST-1389,Data_Export,5,6.5,29
CUST-1389,AI_Ask_Analyst,39,42.2,26
CUST-1389,Integrations_Settings,9,9.5,29
CUST-1390,Dashboard,72,96.4,27
CUST-1390,Report_Builder,24,30.7,27
CUST-1390,Data_Export,11,13.0,28
CUST-1390,AI_Ask_Analyst,41,51.5,28
CUST-1390,Integrations_Settings,12,9.7,29
CUST-1391,Dashboard,8,7.0,7
CUST-1391,Report_Builder,3,3.0,5
CUST-1391,Data_Export,2,1.9,6
CUST-1391,AI_Ask_Analyst,8,10.1,6
CUST-1391,Integrations_Settings,1,0.8,6
CUST-1392,Dashboard,41,61.0,17
CUST-1392,Report_Builder,22,19.2,19
CUST-1392,Data_Export,5,5.2,19
CUST-1392,AI_Ask_Analyst,25,29.0,18
CUST-1392,Integrations_Settings,2,2.2,17
CUST-1393,Dashboard,32,32.8,20
CUST-1393,Report_Builder,26,28.2,21
CUST-1393,Data_Export,6,8.7,21
CUST-1393,AI_Ask_Analyst,25,30.3,22
CUST-1393,Integrations_Settings,6,8.5,22
CUST-1394,Dashboard,34,48.2,18
CUST-1394,Report_Builder,13,12.6,18
CUST-1394,Data_Export,7,7.2,18
CUST-1394,AI_Ask_Analyst,21,19.0,17
CUST-1394,Integrations_Settings,5,5.9,18
CUST-1395,Dashboard,63,64.4,28
CUST-1395,Report_Builder,31,37.0,28
CUST-1395,Data_Export,9,12.4,28
CUST-1395,AI_Ask_Analyst,31,31.2,25
CUST-1395,Integrations_Settings,8,7.4,25
CUST-1396,Dashboard,45,41.9,18
CUST-1396,Report_Builder,28,37.1,18
CUST-1396,Data_Export,4,5.0,19
CUST-1396,AI_Ask_Analyst,20,19.0,17
CUST-1396,Integrations_Settings,4,5.2,18
CUST-1397,Dashboard,56,54.9,30
CUST-1397,Report_Builder,31,40.1,29
CUST-1397,Data_Export,8,9.3,30
CUST-1397,AI_Ask_Analyst,40,35.9,28
CUST-1397,Integrations_Settings,17,16.5,29
CUST-1398,Dashboard,34,47.0,20
CUST-1398,Report_Builder,25,31.7,18
CUST-1398,Data_Export,4,4.5,20
CUST-1398,AI_Ask_Analyst,19,26.0,20
CUST-1398,Integrations_Settings,8,8.2,19
CUST-1399,Dashboard,32,42.5,18
CUST-1399,Report_Builder,15,16.4,15
CUST-1399,Data_Export,6,7.1,18
CUST-1399,AI_Ask_Analyst,21,28.1,17
CUST-1399,Integrations_Settings,6,8.8,18
CUST-1400,Dashboard,46,49.3,25
CUST-1400,Report_Builder,19,23.6,25
CUST-1400,Data_Export,9,7.8,25
CUST-1400,AI_Ask_Analyst,33,33.7,24
CUST-1400,Integrations_Settings,12,15.9,25
CUST-1401,Dashboard,46,65.5,22
CUST-1401,Report_Builder,22,30.2,24
CUST-1401,Data_Export,9,8.2,23
CUST-1401,AI_Ask_Analyst,25,27.4,21
CUST-1401,Integrations_Settings,9,8.1,24
CUST-1402,Dashboard,50,42.4,23
CUST-1402,Report_Builder,31,29.9,25
CUST-1402,Data_Export,5,6.5,25
CUST-1402,AI_Ask_Analyst,30,33.1,24
CUST-1402,Integrations_Settings,7,8.8,24
CUST-1403,Dashboard,29,37.2,12
CUST-1403,Report_Builder,6,4.9,11
CUST-1403,Data_Export,6,7.1,11
CUST-1403,AI_Ask_Analyst,10,9.7,12
CUST-1403,Integrations_Settings,4,5.7,13
CUST-1404,Dashboard,42,61.4,22
CUST-1404,Report_Builder,27,35.2,25
CUST-1404,Data_Export,6,6.6,22
CUST-1404,AI_Ask_Analyst,32,26.1,24
CUST-1404,Integrations_Settings,19,27.6,24
CUST-1405,Dashboard,60,62.3,30
CUST-1405,Report_Builder,32,32.4,30
CUST-1405,Data_Export,14,11.3,30
CUST-1405,AI_Ask_Analyst,37,53.6,28
CUST-1405,Integrations_Settings,13,18.6,29
CUST-1406,Dashboard,55,45.1,23
CUST-1406,Report_Builder,17,21.7,24
CUST-1406,Data_Export,13,13.9,22
CUST-1406,AI_Ask_Analyst,30,34.3,23
CUST-1406,Integrations_Settings,10,9.0,23
CUST-1407,Dashboard,38,56.6,18
CUST-1407,Report_Builder,19,27.9,20
CUST-1407,Data_Export,8,12.0,20
CUST-1407,AI_Ask_Analyst,29,24.0,19
CUST-1407,Integrations_Settings,7,8.3,20
CUST-1408,Dashboard,36,51.9,19
CUST-1408,Report_Builder,14,19.8,17
CUST-1408,Data_Export,3,3.3,17
CUST-1408,AI_Ask_Analyst,27,26.1,17
CUST-1408,Integrations_Settings,8,8.9,19
CUST-1409,Dashboard,21,17.6,11
CUST-1409,Report_Builder,16,23.2,11
CUST-1409,Data_Export,3,3.2,12
CUST-1409,AI_Ask_Analyst,10,11.3,9
CUST-1409,Integrations_Settings,1,1.3,12
CUST-1410,Dashboard,53,60.8,21
CUST-1410,Report_Builder,22,24.8,22
CUST-1410,Data_Export,8,11.3,20
CUST-1410,AI_Ask_Analyst,36,35.8,21
CUST-1410,Integrations_Settings,8,10.7,22
CUST-1411,Dashboard,34,30.0,18
CUST-1411,Report_Builder,9,12.4,16
CUST-1411,Data_Export,7,9.0,17
CUST-1411,AI_Ask_Analyst,20,29.8,18
CUST-1411,Integrations_Settings,3,2.6,17
CUST-1412,Dashboard,37,38.8,20
CUST-1412,Report_Builder,18,16.1,17
CUST-1412,Data_Export,12,11.9,19
CUST-1412,AI_Ask_Analyst,23,21.3,18
CUST-1412,Integrations_Settings,13,13.8,20
CUST-1413,Dashboard,28,23.5,12
CUST-1413,Report_Builder,12,10.6,15
CUST-1413,Data_Export,5,7.0,13
CUST-1413,AI_Ask_Analyst,21,24.6,13
CUST-1413,Integrations_Settings,8,11.7,12
CUST-1414,Dashboard,51,57.8,25
CUST-1414,Report_Builder,11,12.8,27
CUST-1414,Data_Export,13,15.3,26
CUST-1414,AI_Ask_Analyst,32,30.1,28
CUST-1414,Integrations_Settings,12,13.8,28
CUST-1415,Dashboard,52,44.6,28
CUST-1415,Report_Builder,15,20.0,30
CUST-1415,Data_Export,6,5.0,28
CUST-1415,AI_Ask_Analyst,41,55.5,29
CUST-1415,Integrations_Settings,9,11.5,30
CUST-1416,Dashboard,51,47.6,27
CUST-1416,Report_Builder,29,29.0,27
CUST-1416,Data_Export,7,10.5,26
CUST-1416,AI_Ask_Analyst,35,36.6,25
CUST-1416,Integrations_Settings,10,11.3,26
CUST-1417,Dashboard,53,62.2,24
CUST-1417,Report_Builder,26,37.8,26
CUST-1417,Data_Export,10,11.7,24
CUST-1417,AI_Ask_Analyst,48,43.8,24
CUST-1417,Integrations_Settings,7,8.8,24
CUST-1418,Dashboard,48,53.0,22
CUST-1418,Report_Builder,30,32.6,25
CUST-1418,Data_Export,10,10.8,22
CUST-1418,AI_Ask_Analyst,32,36.5,25
CUST-1418,Integrations_Settings,13,14.4,22
CUST-1419,Dashboard,51,51.8,23
CUST-1419,Report_Builder,23,29.2,25
CUST-1419,Data_Export,11,13.6,26
CUST-1419,AI_Ask_Analyst,27,31.1,24
CUST-1419,Integrations_Settings,15,21.8,24
CUST-1420,Dashboard,38,41.8,17
CUST-1420,Report_Builder,22,31.9,19
CUST-1420,Data_Export,5,6.8,18
CUST-1420,AI_Ask_Analyst,31,29.5,19
CUST-1420,Integrations_Settings,11,13.2,20
CUST-1421,Dashboard,11,10.6,9
CUST-1421,Report_Builder,7,9.4,8
CUST-1421,Data_Export,2,2.6,6
CUST-1421,AI_Ask_Analyst,13,15.7,6
CUST-1421,Integrations_Settings,2,2.8,9
CUST-1422,Dashboard,67,85.7,24
CUST-1422,Report_Builder,17,24.3,25
CUST-1422,Data_Export,3,3.3,27
CUST-1422,AI_Ask_Analyst,22,20.5,26
CUST-1422,Integrations_Settings,7,9.2,24
CUST-1423,Dashboard,40,38.9,19
CUST-1423,Report_Builder,20,23.2,22
CUST-1423,Data_Export,5,4.9,20
CUST-1423,AI_Ask_Analyst,20,17.8,19
CUST-1423,Integrations_Settings,17,18.6,20
CUST-1424,Dashboard,13,13.4,7
CUST-1424,Report_Builder,10,11.5,9
CUST-1424,Data_Export,5,4.6,8
CUST-1424,AI_Ask_Analyst,16,22.3,7
CUST-1424,Integrations_Settings,5,6.7,10
CUST-1425,Dashboard,46,65.4,28
CUST-1425,Report_Builder,28,30.2,26
CUST-1425,Data_Export,9,12.6,28
CUST-1425,AI_Ask_Analyst,35,32.5,26
CUST-1425,Integrations_Settings,11,14.0,25
CUST-1426,Dashboard,39,35.9,23
CUST-1426,Report_Builder,19,15.6,24
CUST-1426,Data_Export,8,11.3,23
CUST-1426,AI_Ask_Analyst,25,24.0,21
CUST-1426,Integrations_Settings,11,10.0,21
CUST-1427,Dashboard,40,33.8,22
CUST-1427,Report_Builder,23,26.4,23
CUST-1427,Data_Export,5,5.6,23
CUST-1427,AI_Ask_Analyst,25,20.3,23
CUST-1427,Integrations_Settings,10,12.8,22
CUST-1428,Dashboard,65,54.0,27
CUST-1428,Report_Builder,34,48.2,24
CUST-1428,Data_Export,6,7.3,27
CUST-1428,AI_Ask_Analyst,34,29.0,25
CUST-1428,Integrations_Settings,8,7.4,25
CUST-1429,Dashboard,8,9.0,3
CUST-1429,Report_Builder,4,4.9,2
CUST-1429,Data_Export,1,1.1,3
CUST-1429,AI_Ask_Analyst,6,8.9,3
CUST-1429,Integrations_Settings,3,3.2,4
CUST-1430,Dashboard,48,62.3,27
CUST-1430,Report_Builder,18,17.3,27
CUST-1430,Data_Export,12,13.3,27
CUST-1430,AI_Ask_Analyst,37,32.9,26
CUST-1430,Integrations_Settings,6,7.9,26
CUST-1431,Dashboard,9,12.0,7
CUST-1431,Report_Builder,5,6.4,7
CUST-1431,Data_Export,3,2.8,8
CUST-1431,AI_Ask_Analyst,11,12.6,5
CUST-1431,Integrations_Settings,4,5.8,8
CUST-1432,Dashboard,5,4.8,2
CUST-1432,Report_Builder,6,8.6,4
CUST-1432,Data_Export,2,2.5,1
CUST-1432,AI_Ask_Analyst,12,10.2,1
CUST-1432,Integrations_Settings,0,0.0,3
CUST-1433,Dashboard,27,32.6,14
CUST-1433,Report_Builder,20,28.9,16
CUST-1433,Data_Export,9,7.7,16
CUST-1433,AI_Ask_Analyst,17,13.6,16
CUST-1433,Integrations_Settings,7,7.0,15
CUST-1434,Dashboard,54,71.3,26
CUST-1434,Report_Builder,26,38.5,29
CUST-1434,Data_Export,9,11.6,28
CUST-1434,AI_Ask_Analyst,42,53.9,29
CUST-1434,Integrations_Settings,7,7.5,26
CUST-1435,Dashboard,25,37.2,12
CUST-1435,Report_Builder,16,19.6,13
CUST-1435,Data_Export,4,4.7,13
CUST-1435,AI_Ask_Analyst,13,10.6,12
CUST-1435,Integrations_Settings,5,7.1,12
CUST-1436,Dashboard,53,48.7,24
CUST-1436,Report_Builder,22,27.4,24
CUST-1436,Data_Export,7,9.1,25
CUST-1436,AI_Ask_Analyst,31,39.3,25
CUST-1436,Integrations_Settings,10,13.9,25
CUST-1437,Dashboard,15,14.3,9
CUST-1437,Report_Builder,10,14.2,10
CUST-1437,Data_Export,6,6.4,7
CUST-1437,AI_Ask_Analyst,9,13.0,7
CUST-1437,Integrations_Settings,4,3.5,8
CUST-1438,Dashboard,48,69.7,18
CUST-1438,Report_Builder,19,17.6,19
CUST-1438,Data_Export,10,10.3,20
CUST-1438,AI_Ask_Analyst,27,23.3,21
CUST-1438,Integrations_Settings,10,13.6,21
CUST-1439,Dashboard,49,59.1,23
CUST-1439,Report_Builder,26,27.0,23
CUST-1439,Data_Export,7,10.0,23
CUST-1439,AI_Ask_Analyst,38,48.5,25
CUST-1439,Integrations_Settings,15,21.3,23
CUST-1440,Dashboard,10,10.4,3
CUST-1440,Report_Builder,6,6.1,1
CUST-1440,Data_Export,0,0.0,1
CUST-1440,AI_Ask_Analyst,2,2.8,1
CUST-1440,Integrations_Settings,2,2.3,1
CUST-1441,Dashboard,65,68.2,28
CUST-1441,Report_Builder,31,26.7,29
CUST-1441,Data_Export,8,8.0,28
CUST-1441,AI_Ask_Analyst,32,37.6,29
CUST-1441,Integrations_Settings,7,6.9,29
CUST-1442,Dashboard,44,55.4,20
CUST-1442,Report_Builder,21,19.9,23
CUST-1442,Data_Export,7,9.3,20
CUST-1442,AI_Ask_Analyst,38,50.5,23
CUST-1442,Integrations_Settings,5,6.8,20
CUST-1443,Dashboard,8,10.9,3
CUST-1443,Report_Builder,4,3.9,6
CUST-1443,Data_Export,2,2.6,5
CUST-1443,AI_Ask_Analyst,8,11.7,4
CUST-1443,Integrations_Settings,4,4.5,6
CUST-1444,Dashboard,28,35.3,18
CUST-1444,Report_Builder,17,20.9,18
CUST-1444,Data_Export,8,7.9,19
CUST-1444,AI_Ask_Analyst,26,32.4,18
CUST-1444,Integrations_Settings,11,15.3,17
CUST-1445,Dashboard,56,63.4,26
CUST-1445,Report_Builder,30,42.6,29
CUST-1445,Data_Export,9,7.9,28
CUST-1445,AI_Ask_Analyst,38,31.1,29
CUST-1445,Integrations_Settings,12,13.0,28
CUST-1446,Dashboard,39,55.7,19
CUST-1446,Report_Builder,19,22.9,18
CUST-1446,Data_Export,4,5.4,20
CUST-1446,AI_Ask_Analyst,20,16.6,20
CUST-1446,Integrations_Settings,6,7.7,21
CUST-1447,Dashboard,34,42.0,17
CUST-1447,Report_Builder,19,26.1,15
CUST-1447,Data_Export,5,4.7,17
CUST-1447,AI_Ask_Analyst,25,36.3,18
CUST-1447,Integrations_Settings,8,7.1,16
CUST-1448,Dashboard,55,55.5,25
CUST-1448,Report_Builder,25,21.9,25
CUST-1448,Data_Export,7,9.9,24
CUST-1448,AI_Ask_Analyst,35,50.8,26
CUST-1448,Integrations_Settings,6,7.8,26
CUST-1449,Dashboard,13,12.1,11
CUST-1449,Report_Builder,18,20.8,12
CUST-1449,Data_Export,4,3.7,11
CUST-1449,AI_Ask_Analyst,22,24.9,10
CUST-1449,Integrations_Settings,4,4.4,12
CUST-1450,Dashboard,46,66.1,25
CUST-1450,Report_Builder,24,30.9,23
CUST-1450,Data_Export,7,6.8,25
CUST-1450,AI_Ask_Analyst,36,46.9,24
CUST-1450,Integrations_Settings,10,11.1,25
CUST-1451,Dashboard,16,15.7,6
CUST-1451,Report_Builder,5,5.3,6
CUST-1451,Data_Export,3,4.1,5
CUST-1451,AI_Ask_Analyst,7,5.9,6
CUST-1451,Integrations_Settings,6,5.7,4
CUST-1452,Dashboard,69,83.0,28
CUST-1452,Report_Builder,31,28.7,30
CUST-1452,Data_Export,13,14.5,30
CUST-1452,AI_Ask_Analyst,40,49.7,28
CUST-1452,Integrations_Settings,16,23.3,30
CUST-1453,Dashboard,55,55.5,26
CUST-1453,Report_Builder,30,27.1,25
CUST-1453,Data_Export,9,13.1,26
CUST-1453,AI_Ask_Analyst,29,24.8,27
CUST-1453,Integrations_Settings,8,8.7,27
CUST-1454,Dashboard,42,48.4,25
CUST-1454,Report_Builder,21,21.9,22
CUST-1454,Data_Export,10,14.2,25
CUST-1454,AI_Ask_Analyst,28,41.6,23
CUST-1454,Integrations_Settings,6,5.8,25
CUST-1455,Dashboard,46,47.7,23
CUST-1455,Report_Builder,29,28.5,23
CUST-1455,Data_Export,6,6.0,21
CUST-1455,AI_Ask_Analyst,27,22.3,24
CUST-1455,Integrations_Settings,10,8.8,22
CUST-1456,Dashboard,22,21.3,12
CUST-1456,Report_Builder,5,4.5,13
CUST-1456,Data_Export,6,7.1,13
CUST-1456,AI_Ask_Analyst,16,15.3,14
CUST-1456,Integrations_Settings,6,8.7,11
CUST-1457,Dashboard,34,34.2,16
CUST-1457,Report_Builder,23,21.0,17
CUST-1457,Data_Export,8,9.3,16
CUST-1457,AI_Ask_Analyst,21,25.2,17
CUST-1457,Integrations_Settings,10,9.4,18
CUST-1458,Dashboard,22,23.5,14
CUST-1458,Report_Builder,18,18.1,15
CUST-1458,Data_Export,9,12.3,15
CUST-1458,AI_Ask_Analyst,23,21.0,17
CUST-1458,Integrations_Settings,10,8.8,14
CUST-1459,Dashboard,48,63.1,23
CUST-1459,Report_Builder,25,22.7,24
CUST-1459,Data_Export,7,6.5,23
CUST-1459,AI_Ask_Analyst,28,29.5,21
CUST-1459,Integrations_Settings,10,12.3,23
CUST-1460,Dashboard,60,59.1,24
CUST-1460,Report_Builder,24,25.3,26
CUST-1460,Data_Export,17,23.7,26
CUST-1460,AI_Ask_Analyst,33,39.6,23
CUST-1460,Integrations_Settings,7,7.3,26
CUST-1461,Dashboard,25,26.6,10
CUST-1461,Report_Builder,11,10.6,13
CUST-1461,Data_Export,3,3.9,13
CUST-1461,AI_Ask_Analyst,21,30.2,11
CUST-1461,Integrations_Settings,5,6.4,12
CUST-1462,Dashboard,34,31.8,22
CUST-1462,Report_Builder,21,18.8,20
CUST-1462,Data_Export,11,10.7,22
CUST-1462,AI_Ask_Analyst,28,28.8,22
CUST-1462,Integrations_Settings,12,14.4,22
CUST-1463,Dashboard,38,31.3,22
CUST-1463,Report_Builder,19,24.3,23
CUST-1463,Data_Export,5,7.5,24
CUST-1463,AI_Ask_Analyst,32,39.8,23
CUST-1463,Integrations_Settings,8,8.6,21
CUST-1464,Dashboard,60,68.9,21
CUST-1464,Report_Builder,14,17.1,21
CUST-1464,Data_Export,9,12.9,21
CUST-1464,AI_Ask_Analyst,39,40.3,21
CUST-1464,Integrations_Settings,9,10.6,19
CUST-1465,Dashboard,6,7.9,2
CUST-1465,Report_Builder,2,1.7,3
CUST-1465,Data_Export,1,1.2,4
CUST-1465,AI_Ask_Analyst,7,7.5,4
CUST-1465,Integrations_Settings,2,2.6,2
CUST-1466,Dashboard,9,13.5,3
CUST-1466,Report_Builder,6,8.6,5
CUST-1466,Data_Export,2,2.5,4
CUST-1466,AI_Ask_Analyst,2,1.8,2
CUST-1466,Integrations_Settings,1,0.9,4
CUST-1467,Dashboard,18,25.3,10
CUST-1467,Report_Builder,6,7.3,10
CUST-1467,Data_Export,4,5.4,9
CUST-1467,AI_Ask_Analyst,19,23.7,7
CUST-1467,Integrations_Settings,3,4.3,10
CUST-1468,Dashboard,56,44.9,25
CUST-1468,Report_Builder,29,29.6,26
CUST-1468,Data_Export,10,8.1,25
CUST-1468,AI_Ask_Analyst,37,52.7,28
CUST-1468,Integrations_Settings,4,4.2,26
CUST-1469,Dashboard,12,12.9,6
CUST-1469,Report_Builder,5,4.7,4
CUST-1469,Data_Export,3,2.7,7
CUST-1469,AI_Ask_Analyst,7,6.8,6
CUST-1469,Integrations_Settings,2,1.8,7
CUST-1470,Dashboard,28,30.8,14
CUST-1470,Report_Builder,11,12.9,11
CUST-1470,Data_Export,7,7.6,11
CUST-1470,AI_Ask_Analyst,15,22.0,11
CUST-1470,Integrations_Settings,6,7.3,11
CUST-1471,Dashboard,58,64.8,24
CUST-1471,Report_Builder,23,29.6,26
CUST-1471,Data_Export,8,8.9,27
CUST-1471,AI_Ask_Analyst,41,57.1,25
CUST-1471,Integrations_Settings,10,10.7,27
CUST-1472,Dashboard,17,19.3,11
CUST-1472,Report_Builder,11,14.6,10
CUST-1472,Data_Export,4,3.4,9
CUST-1472,AI_Ask_Analyst,19,27.5,11
CUST-1472,Integrations_Settings,2,2.1,11
CUST-1473,Dashboard,42,48.4,19
CUST-1473,Report_Builder,16,14.7,16
CUST-1473,Data_Export,9,10.1,16
CUST-1473,AI_Ask_Analyst,19,23.1,17
CUST-1473,Integrations_Settings,6,7.4,18
CUST-1474,Dashboard,44,57.4,21
CUST-1474,Report_Builder,16,16.4,23
CUST-1474,Data_Export,10,10.9,21
CUST-1474,AI_Ask_Analyst,27,29.1,20
CUST-1474,Integrations_Settings,8,7.3,20
CUST-1475,Dashboard,39,56.2,24
CUST-1475,Report_Builder,21,24.6,23
CUST-1475,Data_Export,4,4.5,22
CUST-1475,AI_Ask_Analyst,39,47.8,24
CUST-1475,Integrations_Settings,9,10.5,25
CUST-1476,Dashboard,48,60.8,21
CUST-1476,Report_Builder,23,25.9,22
CUST-1476,Data_Export,7,5.9,22
CUST-1476,AI_Ask_Analyst,24,20.0,21
CUST-1476,Integrations_Settings,10,8.3,21
CUST-1477,Dashboard,35,42.0,20
CUST-1477,Report_Builder,20,21.9,20
CUST-1477,Data_Export,7,7.4,18
CUST-1477,AI_Ask_Analyst,16,18.6,17
CUST-1477,Integrations_Settings,10,9.2,17
CUST-1478,Dashboard,40,32.6,20
CUST-1478,Report_Builder,22,27.1,22
CUST-1478,Data_Export,3,4.0,21
CUST-1478,AI_Ask_Analyst,33,43.7,23
CUST-1478,Integrations_Settings,12,9.8,21
CUST-1479,Dashboard,32,47.7,13
CUST-1479,Report_Builder,19,18.4,13
CUST-1479,Data_Export,6,6.2,13
CUST-1479,AI_Ask_Analyst,19,21.6,12
CUST-1479,Integrations_Settings,4,3.8,13
CUST-1480,Dashboard,20,20.6,11
CUST-1480,Report_Builder,12,17.4,10
CUST-1480,Data_Export,2,2.2,9
CUST-1480,AI_Ask_Analyst,11,13.6,11
CUST-1480,Integrations_Settings,2,1.7,9
CUST-1481,Dashboard,14,18.0,7
CUST-1481,Report_Builder,13,18.1,7
CUST-1481,Data_Export,4,5.3,6
CUST-1481,AI_Ask_Analyst,10,9.5,7
CUST-1481,Integrations_Settings,4,5.2,4
CUST-1482,Dashboard,25,26.7,10
CUST-1482,Report_Builder,6,8.8,9
CUST-1482,Data_Export,2,2.3,12
CUST-1482,AI_Ask_Analyst,11,10.1,10
CUST-1482,Integrations_Settings,5,5.2,9
CUST-1483,Dashboard,38,32.4,20
CUST-1483,Report_Builder,28,36.1,19
CUST-1483,Data_Export,13,15.2,22
CUST-1483,AI_Ask_Analyst,27,25.5,19
CUST-1483,Integrations_Settings,7,10.0,21
CUST-1484,Dashboard,47,41.9,20
CUST-1484,Report_Builder,13,13.2,20
CUST-1484,Data_Export,11,14.2,18
CUST-1484,AI_Ask_Analyst,30,42.7,20
CUST-1484,Integrations_Settings,5,5.5,21
CUST-1485,Dashboard,54,70.3,22
CUST-1485,Report_Builder,18,22.8,23
CUST-1485,Data_Export,14,17.6,21
CUST-1485,AI_Ask_Analyst,24,29.5,23
CUST-1485,Integrations_Settings,11,16.3,20
CUST-1486,Dashboard,42,35.4,11
CUST-1486,Report_Builder,18,14.8,14
CUST-1486,Data_Export,3,3.3,13
CUST-1486,AI_Ask_Analyst,21,25.9,13
CUST-1486,Integrations_Settings,6,5.1,13
CUST-1487,Dashboard,9,9.0,4
CUST-1487,Report_Builder,2,1.9,5
CUST-1487,Data_Export,2,3.0,4
CUST-1487,AI_Ask_Analyst,6,6.3,5
CUST-1487,Integrations_Settings,4,5.6,5
CUST-1488,Dashboard,45,64.7,25
CUST-1488,Report_Builder,29,32.3,25
CUST-1488,Data_Export,14,17.6,25
CUST-1488,AI_Ask_Analyst,27,25.6,27
CUST-1488,Integrations_Settings,6,6.8,25
CUST-1489,Dashboard,21,29.2,21
CUST-1489,Report_Builder,20,25.8,20
CUST-1489,Data_Export,4,3.3,21
CUST-1489,AI_Ask_Analyst,24,34.9,21
CUST-1489,Integrations_Settings,11,14.6,21
CUST-1490,Dashboard,53,72.2,26
CUST-1490,Report_Builder,23,31.8,27
CUST-1490,Data_Export,9,10.2,27
CUST-1490,AI_Ask_Analyst,31,40.4,26
CUST-1490,Integrations_Settings,11,12.8,28
CUST-1491,Dashboard,34,43.8,12
CUST-1491,Report_Builder,15,17.5,15
CUST-1491,Data_Export,7,10.5,14
CUST-1491,AI_Ask_Analyst,11,14.0,12
CUST-1491,Integrations_Settings,2,2.4,12
CUST-1492,Dashboard,58,68.9,23
CUST-1492,Report_Builder,28,38.5,25
CUST-1492,Data_Export,12,15.3,26
CUST-1492,AI_Ask_Analyst,27,36.7,26
CUST-1492,Integrations_Settings,8,10.6,25
CUST-1493,Dashboard,31,26.8,23
CUST-1493,Report_Builder,28,30.8,25
CUST-1493,Data_Export,5,4.4,25
CUST-1493,AI_Ask_Analyst,31,42.2,25
CUST-1493,Integrations_Settings,9,13.1,25
CUST-1494,Dashboard,60,81.7,27
CUST-1494,Report_Builder,22,32.0,30
CUST-1494,Data_Export,13,12.5,28
CUST-1494,AI_Ask_Analyst,38,40.5,30
CUST-1494,Integrations_Settings,14,19.3,29
CUST-1495,Dashboard,37,31.4,14
CUST-1495,Report_Builder,18,25.9,14
CUST-1495,Data_Export,6,8.8,16
CUST-1495,AI_Ask_Analyst,16,20.9,16
CUST-1495,Integrations_Settings,7,10.2,16
CUST-1496,Dashboard,12,12.6,8
CUST-1496,Report_Builder,4,5.7,7
CUST-1496,Data_Export,4,4.7,7
CUST-1496,AI_Ask_Analyst,9,9.6,6
CUST-1496,Integrations_Settings,2,2.1,7
CUST-1497,Dashboard,58,56.1,24
CUST-1497,Report_Builder,33,48.8,24
CUST-1497,Data_Export,9,8.3,23
CUST-1497,AI_Ask_Analyst,29,42.6,22
CUST-1497,Integrations_Settings,9,10.0,23
CUST-1498,Dashboard,48,57.4,25
CUST-1498,Report_Builder,20,24.8,25
CUST-1498,Data_Export,13,13.7,25
CUST-1498,AI_Ask_Analyst,21,19.5,25
CUST-1498,Integrations_Settings,9,11.7,24
CUST-1499,Dashboard,49,47.4,25
CUST-1499,Report_Builder,34,41.7,27
CUST-1499,Data_Export,8,6.7,25
CUST-1499,AI_Ask_Analyst,39,38.9,27
CUST-1499,Integrations_Settings,10,12.4,24
